변환,한국은행 기준금리,국고채(3년) 시장금리,국고채(10년) 시장금리,"회사채(3년, AA-) 시장금리",원달러 환율
2019-01-02,1.75,1.802,1.948,2.27,"1,118.10"
2019-01-03,1.75,1.796,1.955,2.265,"1,119.00"
2019-01-04,1.75,1.797,1.972,2.259,"1,127.50"
2019-01-07,1.75,1.807,1.977,2.268,"1,125.20"
2019-01-08,1.75,1.81,1.994,2.269,"1,118.00"
2019-01-09,1.75,1.809,1.985,2.27,"1,121.70"
2019-01-10,1.75,1.796,1.964,2.259,"1,121.60"
2019-01-11,1.75,1.804,1.992,2.262,"1,118.90"
2019-01-14,1.75,1.797,1.973,2.257,"1,117.60"
2019-01-15,1.75,1.797,1.968,2.258,"1,121.40"
2019-01-16,1.75,1.803,1.982,2.258,"1,120.10"
2019-01-17,1.75,1.795,1.976,2.255,"1,122.00"
2019-01-18,1.75,1.814,2.008,2.267,"1,121.40"
2019-01-21,1.75,1.821,2.028,2.271,"1,121.30"
2019-01-22,1.75,1.803,1.997,2.255,"1,126.50"
2019-01-23,1.75,1.803,1.984,2.256,"1,130.20"
2019-01-24,1.75,1.81,1.993,2.261,"1,128.20"
2019-01-25,1.75,1.812,2.005,2.261,"1,128.00"
2019-01-28,1.75,1.82,2.019,2.267,"1,125.10"
2019-01-29,1.75,1.823,2.035,2.269,"1,116.90"
2019-01-30,1.75,1.827,2.051,2.272,"1,118.10"
2019-01-31,1.75,1.809,2.001,2.256,"1,117.20"
2019-02-01,1.75,1.803,1.983,2.251,"1,111.60"
2019-02-07,1.75,1.801,1.995,2.249,"1,116.80"
2019-02-08,1.75,1.786,1.965,2.234,"1,123.40"
2019-02-11,1.75,1.781,1.943,2.229,"1,124.50"
2019-02-12,1.75,1.796,1.978,2.242,"1,124.50"
2019-02-13,1.75,1.801,1.987,2.247,"1,124.60"
2019-02-14,1.75,1.794,1.99,2.242,"1,121.70"
2019-02-15,1.75,1.779,1.962,2.231,"1,125.00"
2019-02-18,1.75,1.804,1.997,2.251,"1,127.70"
2019-02-19,1.75,1.8,1.996,2.249,"1,124.70"
2019-02-20,1.75,1.802,1.992,2.252,"1,127.50"
2019-02-21,1.75,1.811,2.01,2.258,"1,122.60"
2019-02-22,1.75,1.814,2.008,2.26,"1,124.40"
2019-02-25,1.75,1.819,2.012,2.265,"1,125.70"
2019-02-26,1.75,1.816,2.003,2.261,"1,120.80"
2019-02-27,1.75,1.808,1.985,2.254,"1,118.30"
2019-02-28,1.75,1.813,1.987,2.261,"1,117.80"
2019-03-04,1.75,1.834,2.027,2.281,"1,119.90"
2019-03-05,1.75,1.836,2.029,2.283,"1,125.00"
2019-03-06,1.75,1.828,2.021,2.278,"1,125.80"
2019-03-07,1.75,1.817,2.005,2.269,"1,127.80"
2019-03-08,1.75,1.802,1.973,2.255,"1,128.30"
2019-03-11,1.75,1.81,1.986,2.261,"1,134.00"
2019-03-12,1.75,1.81,1.991,2.262,"1,134.50"
2019-03-13,1.75,1.795,1.966,2.248,"1,128.70"
2019-03-14,1.75,1.793,1.978,2.246,"1,131.50"
2019-03-15,1.75,1.803,1.989,2.256,"1,132.70"
2019-03-18,1.75,1.812,1.994,2.264,"1,136.10"
2019-03-19,1.75,1.81,1.979,2.262,"1,133.70"
2019-03-20,1.75,1.813,1.981,2.265,"1,130.90"
2019-03-21,1.75,1.793,1.932,2.247,"1,130.40"
2019-03-22,1.75,1.8,1.934,2.254,"1,125.80"
2019-03-25,1.75,1.77,1.888,2.225,"1,129.80"
2019-03-26,1.75,1.763,1.905,2.217,"1,134.90"
2019-03-27,1.75,1.722,1.845,2.187,"1,132.10"
2019-03-28,1.75,1.679,1.81,2.151,"1,134.70"
2019-03-29,1.75,1.69,1.833,2.163,"1,137.80"
2019-04-01,1.75,1.726,1.866,2.197,"1,136.10"
2019-04-02,1.75,1.706,1.856,2.178,"1,132.70"
2019-04-03,1.75,1.72,1.889,2.193,"1,135.80"
2019-04-04,1.75,1.72,1.877,2.194,"1,134.90"
2019-04-05,1.75,1.735,1.893,2.207,"1,135.50"
2019-04-08,1.75,1.723,1.868,2.196,"1,136.40"
2019-04-09,1.75,1.725,1.872,2.197,"1,141.40"
2019-04-10,1.75,1.731,1.871,2.201,"1,142.80"
2019-04-11,1.75,1.732,1.867,2.202,"1,141.20"
2019-04-12,1.75,1.733,1.881,2.204,"1,139.20"
2019-04-15,1.75,1.761,1.926,2.23,"1,140.50"
2019-04-16,1.75,1.765,1.932,2.234,"1,133.90"
2019-04-17,1.75,1.778,1.947,2.249,"1,135.70"
2019-04-18,1.75,1.741,1.893,2.215,"1,136.10"
2019-04-19,1.75,1.756,1.899,2.228,"1,136.20"
2019-04-22,1.75,1.769,1.929,2.241,"1,137.10"
2019-04-23,1.75,1.768,1.923,2.238,"1,140.80"
2019-04-24,1.75,1.749,1.912,2.219,"1,141.10"
2019-04-25,1.75,1.724,1.879,2.195,"1,146.90"
2019-04-26,1.75,1.72,1.876,2.191,"1,158.70"
2019-04-29,1.75,1.712,1.864,2.184,"1,159.70"
2019-04-30,1.75,1.699,1.845,2.171,"1,158.20"
2019-05-02,1.75,1.732,1.885,2.201,"1,163.80"
2019-05-03,1.75,1.739,1.9,2.204,"1,163.90"
2019-05-07,1.75,1.723,1.885,2.189,"1,169.40"
2019-05-08,1.75,1.717,1.878,2.184,"1,169.80"
2019-05-09,1.75,1.708,1.861,2.176,"1,169.90"
2019-05-10,1.75,1.719,1.873,2.187,"1,175.80"
2019-05-13,1.75,1.721,1.874,2.186,"1,178.10"
2019-05-14,1.75,1.711,1.868,2.177,"1,183.10"
2019-05-15,1.75,1.71,1.865,2.175,"1,187.00"
2019-05-16,1.75,1.675,1.82,2.146,"1,189.40"
2019-05-17,1.75,1.67,1.822,2.145,"1,189.80"
2019-05-20,1.75,1.681,1.847,2.157,"1,192.70"
2019-05-21,1.75,1.663,1.83,2.142,"1,192.90"
2019-05-22,1.75,1.667,1.828,2.144,"1,193.30"
2019-05-23,1.75,1.648,1.808,2.131,"1,194.60"
2019-05-24,1.75,1.643,1.792,2.126,"1,191.20"
2019-05-27,1.75,1.652,1.797,2.131,"1,189.60"
2019-05-28,1.75,1.654,1.793,2.13,"1,184.10"
2019-05-29,1.75,1.619,1.741,2.103,"1,187.60"
2019-05-30,1.75,1.626,1.741,2.11,"1,193.10"
2019-05-31,1.75,1.587,1.682,2.075,"1,190.00"
2019-06-03,1.75,1.575,1.691,2.074,"1,191.20"
2019-06-04,1.75,1.57,1.684,2.07,"1,183.00"
2019-06-05,1.75,1.542,1.654,2.05,"1,181.50"
2019-06-07,1.75,1.537,1.656,2.047,"1,179.80"
2019-06-10,1.75,1.533,1.661,2.048,"1,179.50"
2019-06-11,1.75,1.542,1.68,2.053,"1,184.00"
2019-06-12,1.75,1.469,1.6,1.999,"1,181.70"
2019-06-13,1.75,1.48,1.613,2.002,"1,181.70"
2019-06-14,1.75,1.47,1.591,1.989,"1,184.70"
2019-06-17,1.75,1.491,1.621,2.005,"1,184.00"
2019-06-18,1.75,1.493,1.614,2.007,"1,186.30"
2019-06-19,1.75,1.484,1.601,1.995,"1,185.00"
2019-06-20,1.75,1.42,1.545,1.939,"1,177.00"
2019-06-21,1.75,1.44,1.569,1.949,"1,167.70"
2019-06-24,1.75,1.44,1.563,1.949,"1,162.00"
2019-06-25,1.75,1.478,1.584,1.971,"1,157.90"
2019-06-26,1.75,1.496,1.605,1.982,"1,154.70"
2019-06-27,1.75,1.494,1.616,1.984,"1,158.20"
2019-06-28,1.75,1.472,1.596,1.967,"1,156.80"
2019-07-01,1.75,1.479,1.608,1.974,"1,156.40"
2019-07-02,1.75,1.463,1.586,1.958,"1,155.40"
2019-07-03,1.75,1.429,1.534,1.925,"1,164.80"
2019-07-04,1.75,1.416,1.523,1.915,"1,170.40"
2019-07-05,1.75,1.423,1.533,1.923,"1,169.20"
2019-07-08,1.75,1.422,1.53,1.922,"1,170.40"
2019-07-09,1.75,1.424,1.538,1.923,"1,178.50"
2019-07-10,1.75,1.438,1.562,1.938,"1,179.90"
2019-07-11,1.75,1.419,1.547,1.92,"1,181.40"
2019-07-12,1.75,1.424,1.569,1.927,"1,173.80"
2019-07-15,1.75,1.434,1.582,1.937,"1,177.30"
2019-07-16,1.75,1.431,1.573,1.934,"1,179.20"
2019-07-17,1.75,1.399,1.546,1.903,"1,178.50"
2019-07-18,1.5,1.345,1.472,1.85,"1,180.40"
2019-07-19,1.5,1.327,1.456,1.832,"1,179.50"
2019-07-22,1.5,1.333,1.465,1.837,"1,173.40"
2019-07-23,1.5,1.339,1.472,1.843,"1,177.60"
2019-07-24,1.5,1.321,1.465,1.83,"1,178.40"
2019-07-25,1.5,1.302,1.431,1.809,"1,178.20"
2019-07-26,1.5,1.308,1.426,1.817,"1,179.80"
2019-07-29,1.5,1.306,1.412,1.817,"1,184.20"
2019-07-30,1.5,1.301,1.409,1.812,"1,183.40"
2019-07-31,1.5,1.292,1.39,1.803,"1,182.00"
2019-08-01,1.5,1.309,1.41,1.822,"1,181.90"
2019-08-02,1.5,1.26,1.349,1.773,"1,188.50"
2019-08-05,1.5,1.172,1.253,1.693,"1,194.80"
2019-08-06,1.5,1.163,1.256,1.688,"1,211.80"
2019-08-07,1.5,1.153,1.251,1.678,"1,214.30"
2019-08-08,1.5,1.165,1.27,1.691,"1,214.50"
2019-08-09,1.5,1.186,1.286,1.707,"1,211.30"
2019-08-12,1.5,1.182,1.285,1.706,"1,209.70"
2019-08-13,1.5,1.15,1.229,1.678,"1,215.60"
2019-08-14,1.5,1.149,1.231,1.678,"1,218.90"
2019-08-16,1.5,1.095,1.172,1.626,"1,211.70"
2019-08-19,1.5,1.093,1.184,1.628,"1,213.30"
2019-08-20,1.5,1.101,1.198,1.636,"1,210.70"
2019-08-21,1.5,1.156,1.277,1.685,"1,210.20"
2019-08-22,1.5,1.13,1.229,1.658,"1,204.00"
2019-08-23,1.5,1.169,1.261,1.691,"1,205.10"
2019-08-26,1.5,1.121,1.191,1.648,"1,212.20"
2019-08-27,1.5,1.171,1.238,1.695,"1,218.20"
2019-08-28,1.5,1.18,1.244,1.701,"1,213.10"
2019-08-29,1.5,1.167,1.248,1.691,"1,213.50"
2019-08-30,1.5,1.168,1.276,1.693,"1,215.20"
2019-09-02,1.5,1.233,1.344,1.74,"1,209.60"
2019-09-03,1.5,1.228,1.331,1.734,"1,211.90"
2019-09-04,1.5,1.241,1.344,1.741,"1,215.20"
2019-09-05,1.5,1.259,1.367,1.76,"1,209.70"
2019-09-06,1.5,1.265,1.381,1.769,"1,199.60"
2019-09-09,1.5,1.235,1.353,1.742,"1,196.90"
2019-09-10,1.5,1.242,1.37,1.748,"1,192.40"
2019-09-11,1.5,1.258,1.397,1.764,"1,191.90"
2019-09-16,1.5,1.348,1.536,1.85,"1,191.40"
2019-09-17,1.5,1.315,1.5,1.822,"1,184.00"
2019-09-18,1.5,1.309,1.468,1.816,"1,188.30"
2019-09-19,1.5,1.329,1.463,1.835,"1,190.50"
2019-09-20,1.5,1.332,1.455,1.836,"1,195.10"
2019-09-23,1.5,1.331,1.462,1.837,"1,191.10"
2019-09-24,1.5,1.325,1.454,1.829,"1,193.10"
2019-09-25,1.5,1.304,1.424,1.807,"1,194.00"
2019-09-26,1.5,1.301,1.433,1.806,"1,198.30"
2019-09-27,1.5,1.301,1.438,1.806,"1,199.10"
2019-09-30,1.5,1.297,1.456,1.8,"1,201.30"
2019-10-01,1.5,1.323,1.498,1.824,"1,199.20"
2019-10-02,1.5,1.303,1.497,1.806,"1,198.20"
2019-10-04,1.5,1.21,1.373,1.717,"1,203.70"
2019-10-07,1.5,1.232,1.386,1.738,"1,197.00"
2019-10-08,1.5,1.264,1.429,1.766,"1,196.50"
2019-10-10,1.5,1.276,1.459,1.779,"1,194.70"
2019-10-11,1.5,1.281,1.488,1.785,"1,196.10"
2019-10-14,1.5,1.281,1.488,1.787,"1,189.30"
2019-10-15,1.5,1.281,1.499,1.791,"1,183.70"
2019-10-16,1.25,1.32,1.53,1.827,"1,184.10"
2019-10-17,1.25,1.375,1.578,1.879,"1,187.00"
2019-10-18,1.25,1.375,1.587,1.88,"1,186.60"
2019-10-21,1.25,1.408,1.66,1.912,"1,180.50"
2019-10-22,1.25,1.379,1.655,1.885,"1,175.40"
2019-10-23,1.25,1.388,1.654,1.894,"1,171.40"
2019-10-24,1.25,1.396,1.641,1.905,"1,173.70"
2019-10-25,1.25,1.435,1.677,1.943,"1,171.00"
2019-10-28,1.25,1.523,1.765,2.018,"1,174.20"
2019-10-29,1.25,1.499,1.777,1.994,"1,169.60"
2019-10-30,1.25,1.481,1.753,1.981,"1,166.50"
2019-10-31,1.25,1.466,1.728,1.973,"1,168.40"
2019-11-01,1.25,1.467,1.732,1.976,"1,161.70"
2019-11-04,1.25,1.55,1.827,2.053,"1,167.60"
2019-11-05,1.25,1.522,1.817,2.026,"1,160.40"
2019-11-06,1.25,1.53,1.82,2.033,"1,160.10"
2019-11-07,1.25,1.541,1.822,2.048,"1,157.50"
2019-11-08,1.25,1.518,1.803,2.023,"1,160.60"
2019-11-11,1.25,1.5,1.788,2.011,"1,156.10"
2019-11-12,1.25,1.564,1.842,2.064,"1,161.30"
2019-11-13,1.25,1.51,1.787,2.015,"1,163.50"
2019-11-14,1.25,1.515,1.785,2.016,"1,167.60"
2019-11-15,1.25,1.513,1.79,2.019,"1,170.40"
2019-11-18,1.25,1.518,1.781,2.023,"1,166.30"
2019-11-19,1.25,1.485,1.734,1.995,"1,164.50"
2019-11-20,1.25,1.45,1.671,1.965,"1,168.60"
2019-11-21,1.25,1.462,1.672,1.978,"1,170.10"
2019-11-22,1.25,1.456,1.687,1.972,"1,176.50"
2019-11-25,1.25,1.475,1.725,1.988,"1,177.80"
2019-11-26,1.25,1.475,1.707,1.989,"1,176.20"
2019-11-27,1.25,1.456,1.671,1.975,"1,174.40"
2019-11-28,1.25,1.43,1.667,1.957,"1,176.00"
2019-11-29,1.25,1.385,1.63,1.922,"1,179.30"
2019-12-02,1.25,1.425,1.688,1.957,"1,180.30"
2019-12-03,1.25,1.46,1.736,1.986,"1,180.40"
2019-12-04,1.25,1.406,1.657,1.939,"1,186.20"
2019-12-05,1.25,1.423,1.661,1.957,"1,193.70"
2019-12-06,1.25,1.43,1.68,1.969,"1,190.20"
2019-12-09,1.25,1.412,1.664,1.955,"1,189.70"
2019-12-10,1.25,1.39,1.616,1.949,"1,189.30"
2019-12-11,1.25,1.381,1.621,1.942,"1,192.00"
2019-12-12,1.25,1.382,1.619,1.942,"1,193.30"
2019-12-13,1.25,1.402,1.649,1.962,"1,188.60"
2019-12-16,1.25,1.369,1.612,1.935,"1,171.70"
2019-12-17,1.25,1.363,1.605,1.93,"1,172.90"
2019-12-18,1.25,1.357,1.606,1.927,"1,166.70"
2019-12-19,1.25,1.383,1.655,1.949,"1,165.30"
2019-12-20,1.25,1.392,1.673,1.959,"1,164.50"
2019-12-23,1.25,1.38,1.642,1.951,"1,162.60"
2019-12-24,1.25,1.37,1.631,1.945,"1,161.70"
2019-12-26,1.25,1.367,1.641,1.941,"1,163.70"
2019-12-27,1.25,1.37,1.683,1.944,"1,161.20"
2019-12-30,1.25,1.36,1.683,1.937,"1,160.90"
2019-12-31,1.25,1.36,1.683,1.937,"1,157.80"
2020-01-02,1.25,1.327,1.638,1.907,"1,157.80"
2020-01-03,1.25,1.27,1.555,1.858,"1,156.90"
2020-01-06,1.25,1.277,1.541,1.861,"1,162.70"
2020-01-07,1.25,1.331,1.613,1.911,"1,169.60"
2020-01-08,1.25,1.363,1.63,1.939,"1,165.30"
2020-01-09,1.25,1.416,1.687,1.983,"1,174.10"
2020-01-10,1.25,1.425,1.706,1.991,"1,160.00"
2020-01-13,1.25,1.418,1.729,1.989,"1,161.10"
2020-01-14,1.25,1.386,1.716,1.968,"1,155.70"
2020-01-15,1.25,1.391,1.695,1.972,"1,153.10"
2020-01-16,1.25,1.426,1.701,2.001,"1,158.80"
2020-01-17,1.25,1.433,1.741,2.01,"1,159.60"
2020-01-20,1.25,1.455,1.762,2.034,"1,158.80"
2020-01-21,1.25,1.395,1.689,1.986,"1,158.80"
2020-01-22,1.25,1.437,1.723,2.016,"1,164.70"
2020-01-23,1.25,1.424,1.704,2.006,"1,165.10"
2020-01-28,1.25,1.352,1.603,1.94,"1,167.20"
2020-01-29,1.25,1.33,1.582,1.922,"1,176.70"
2020-01-30,1.25,1.301,1.553,1.897,"1,176.00"
2020-01-31,1.25,1.303,1.558,1.899,"1,183.50"
2020-02-03,1.25,1.291,1.547,1.884,"1,187.80"
2020-02-04,1.25,1.331,1.628,1.923,"1,196.00"
2020-02-05,1.25,1.307,1.601,1.901,"1,189.40"
2020-02-06,1.25,1.311,1.63,1.904,"1,188.50"
2020-02-07,1.25,1.28,1.601,1.874,"1,181.40"
2020-02-10,1.25,1.296,1.603,1.886,"1,187.20"
2020-02-11,1.25,1.299,1.602,1.888,"1,189.80"
2020-02-12,1.25,1.297,1.613,1.89,"1,184.10"
2020-02-13,1.25,1.275,1.609,1.873,"1,179.80"
2020-02-14,1.25,1.33,1.653,1.913,"1,181.50"
2020-02-17,1.25,1.32,1.622,1.906,"1,183.50"
2020-02-18,1.25,1.271,1.56,1.863,"1,182.20"
2020-02-19,1.25,1.284,1.559,1.875,"1,188.10"
2020-02-20,1.25,1.234,1.515,1.833,"1,190.80"
2020-02-21,1.25,1.182,1.443,1.782,"1,197.00"
2020-02-24,1.25,1.139,1.416,1.74,"1,205.60"
2020-02-25,1.25,1.171,1.429,1.765,"1,217.70"
2020-02-26,1.25,1.135,1.395,1.734,"1,212.70"
2020-02-27,1.25,1.194,1.443,1.79,"1,216.80"
2020-02-28,1.25,1.104,1.333,1.707,"1,215.90"
2020-03-02,1.25,1.128,1.372,1.728,"1,215.30"
2020-03-03,1.25,1.11,1.371,1.718,"1,200.30"
2020-03-04,1.25,1.029,1.299,1.644,"1,191.40"
2020-03-05,1.25,1.051,1.337,1.666,"1,186.40"
2020-03-06,1.25,1.078,1.37,1.692,"1,185.00"
2020-03-09,1.25,1.038,1.286,1.657,"1,191.40"
2020-03-10,1.25,1.082,1.355,1.708,"1,201.40"
2020-03-11,1.25,1.086,1.369,1.712,"1,196.70"
2020-03-12,1.25,1.062,1.387,1.707,"1,192.80"
2020-03-13,1.25,1.149,1.57,1.81,"1,202.00"
2020-03-16,1.25,1.099,1.524,1.765,"1,222.20"
2020-03-17,0.75,1.03,1.441,1.74,"1,219.60"
2020-03-18,0.75,1.05,1.502,1.77,"1,241.20"
2020-03-19,0.75,1.193,1.657,1.947,"1,237.80"
2020-03-20,0.75,1.107,1.611,1.945,"1,280.10"
2020-03-23,0.75,1.153,1.718,2.01,"1,254.10"
2020-03-24,0.75,1.127,1.708,2.006,"1,274.60"
2020-03-25,0.75,1.131,1.647,2.025,"1,256.00"
2020-03-26,0.75,1.067,1.502,2.035,"1,230.70"
2020-03-27,0.75,1.06,1.532,2.039,"1,227.90"
2020-03-30,0.75,1.098,1.562,2.074,"1,212.40"
2020-03-31,0.75,1.07,1.551,2.077,"1,222.60"
2020-04-01,0.75,1.092,1.545,2.099,"1,220.00"
2020-04-02,0.75,1.059,1.518,2.093,"1,222.20"
2020-04-03,0.75,1.066,1.548,2.1,"1,237.60"
2020-04-06,0.75,1.052,1.543,2.1,"1,229.80"
2020-04-07,0.75,1.047,1.58,2.1,"1,233.40"
2020-04-08,0.75,1.024,1.511,2.097,"1,222.40"
2020-04-09,0.75,0.986,1.438,2.093,"1,219.70"
2020-04-10,0.75,0.97,1.444,2.092,"1,216.40"
2020-04-13,0.75,0.996,1.469,2.12,"1,212.30"
2020-04-14,0.75,0.996,1.464,2.126,"1,218.70"
2020-04-16,0.75,0.982,1.411,2.123,"1,216.70"
2020-04-17,0.75,1.006,1.438,2.148,"1,227.50"
2020-04-20,0.75,1.013,1.444,2.153,"1,219.30"
2020-04-21,0.75,1.035,1.458,2.188,"1,218.70"
2020-04-22,0.75,1.046,1.532,2.203,"1,231.30"
2020-04-23,0.75,1.036,1.545,2.203,"1,235.20"
2020-04-24,0.75,1.018,1.546,2.201,"1,232.00"
2020-04-27,0.75,1.026,1.576,2.215,"1,235.80"
2020-04-28,0.75,1.033,1.56,2.224,"1,230.30"
2020-04-29,0.75,1.006,1.518,2.218,"1,225.20"
2020-05-04,0.75,0.975,1.499,2.203,"1,218.50"
2020-05-06,0.75,0.96,1.508,2.202,"1,227.80"
2020-05-07,0.75,0.946,1.48,2.198,"1,223.30"
2020-05-08,0.75,0.914,1.426,2.182,"1,226.50"
2020-05-11,0.75,0.926,1.462,2.198,"1,217.70"
2020-05-12,0.75,0.886,1.424,2.173,"1,217.80"
2020-05-13,0.75,0.856,1.392,2.155,"1,226.70"
2020-05-14,0.75,0.869,1.381,2.17,"1,226.30"
2020-05-15,0.75,0.874,1.383,2.176,"1,227.90"
2020-05-18,0.75,0.887,1.394,2.188,"1,229.30"
2020-05-19,0.75,0.876,1.391,2.185,"1,231.60"
2020-05-20,0.75,0.868,1.358,2.181,"1,224.50"
2020-05-21,0.75,0.856,1.342,2.177,"1,227.80"
2020-05-22,0.75,0.837,1.347,2.165,"1,230.70"
2020-05-25,0.75,0.815,1.316,2.152,"1,236.20"
2020-05-26,0.75,0.839,1.328,2.176,"1,242.00"
2020-05-27,0.75,0.863,1.34,2.196,"1,237.10"
2020-05-28,0.5,0.818,1.343,2.157,"1,233.70"
2020-05-29,0.5,0.826,1.374,2.158,"1,239.40"
2020-06-01,0.5,0.831,1.395,2.164,"1,237.60"
2020-06-02,0.5,0.851,1.378,2.182,"1,227.80"
2020-06-03,0.5,0.866,1.426,2.199,"1,224.10"
2020-06-04,0.5,0.886,1.432,2.217,"1,216.90"
2020-06-05,0.5,0.894,1.452,2.224,"1,217.40"
2020-06-08,0.5,0.902,1.453,2.227,"1,213.10"
2020-06-09,0.5,0.861,1.397,2.204,"1,204.20"
2020-06-10,0.5,0.84,1.398,2.205,"1,197.70"
2020-06-11,0.5,0.837,1.383,2.204,"1,194.40"
2020-06-12,0.5,0.841,1.388,2.21,"1,192.80"
2020-06-15,0.5,0.861,1.424,2.229,"1,206.60"
2020-06-16,0.5,0.86,1.402,2.225,"1,210.80"
2020-06-17,0.5,0.874,1.409,2.244,"1,206.60"
2020-06-18,0.5,0.842,1.37,2.225,"1,214.50"
2020-06-19,0.5,0.844,1.38,2.23,"1,213.00"
2020-06-22,0.5,0.846,1.39,2.232,"1,212.00"
2020-06-23,0.5,0.827,1.385,2.224,"1,213.20"
2020-06-24,0.5,0.819,1.363,2.221,"1,210.10"
2020-06-25,0.5,0.817,1.344,2.22,"1,202.90"
2020-06-26,0.5,0.811,1.327,2.22,"1,205.20"
2020-06-29,0.5,0.842,1.365,2.246,"1,198.60"
2020-06-30,0.5,0.842,1.373,2.25,"1,200.70"
2020-07-01,0.5,0.847,1.402,2.251,"1,198.50"
2020-07-02,0.5,0.831,1.377,2.235,"1,201.60"
2020-07-03,0.5,0.838,1.387,2.239,"1,201.00"
2020-07-06,0.5,0.854,1.41,2.249,"1,200.40"
2020-07-07,0.5,0.843,1.388,2.236,"1,196.80"
2020-07-08,0.5,0.839,1.377,2.232,"1,192.90"
2020-07-09,0.5,0.84,1.391,2.235,"1,195.80"
2020-07-10,0.5,0.849,1.397,2.237,"1,194.50"
2020-07-13,0.5,0.86,1.42,2.249,"1,202.40"
2020-07-14,0.5,0.854,1.418,2.246,"1,200.30"
2020-07-15,0.5,0.847,1.414,2.241,"1,206.40"
2020-07-16,0.5,0.829,1.378,2.227,"1,200.70"
2020-07-17,0.5,0.812,1.348,2.214,"1,204.10"
2020-07-20,0.5,0.801,1.334,2.205,"1,205.70"
2020-07-21,0.5,0.818,1.356,2.216,"1,203.70"
2020-07-22,0.5,0.81,1.346,2.209,"1,198.10"
2020-07-23,0.5,0.798,1.318,2.194,"1,193.70"
2020-07-24,0.5,0.799,1.305,2.189,"1,198.50"
2020-07-27,0.5,0.803,1.304,2.188,"1,201.30"
2020-07-28,0.5,0.813,1.329,2.194,"1,196.60"
2020-07-29,0.5,0.811,1.309,2.19,"1,195.10"
2020-07-30,0.5,0.799,1.281,2.181,"1,195.20"
2020-07-31,0.5,0.796,1.296,2.177,"1,191.40"
2020-08-03,0.5,0.799,1.306,2.177,"1,189.10"
2020-08-04,0.5,0.802,1.306,2.179,"1,193.70"
2020-08-05,0.5,0.795,1.293,2.168,"1,193.50"
2020-08-06,0.5,0.807,1.306,2.172,"1,190.30"
2020-08-07,0.5,0.81,1.319,2.174,"1,184.30"
2020-08-10,0.5,0.83,1.363,2.191,"1,185.90"
2020-08-11,0.5,0.818,1.345,2.183,"1,186.70"
2020-08-12,0.5,0.827,1.373,2.192,"1,184.90"
2020-08-13,0.5,0.815,1.362,2.184,"1,186.00"
2020-08-14,0.5,0.828,1.396,2.195,"1,183.60"
2020-08-18,0.5,0.81,1.357,2.182,"1,185.80"
2020-08-19,0.5,0.805,1.347,2.177,"1,185.10"
2020-08-20,0.5,0.813,1.379,2.183,"1,182.30"
2020-08-21,0.5,0.854,1.41,2.204,"1,186.30"
2020-08-24,0.5,0.824,1.378,2.185,"1,185.30"
2020-08-25,0.5,0.825,1.387,2.188,"1,190.00"
2020-08-26,0.5,0.835,1.404,2.197,"1,186.30"
2020-08-27,0.5,0.852,1.421,2.212,"1,187.00"
2020-08-28,0.5,0.893,1.486,2.24,"1,185.70"
2020-08-31,0.5,0.94,1.516,2.264,"1,185.10"
2020-09-01,0.5,0.977,1.582,2.291,"1,183.30"
2020-09-02,0.5,0.923,1.539,2.261,"1,184.60"
2020-09-03,0.5,0.919,1.524,2.261,"1,186.20"
2020-09-04,0.5,0.929,1.527,2.268,"1,187.50"
2020-09-07,0.5,0.973,1.572,2.287,"1,190.20"
2020-09-08,0.5,0.949,1.555,2.269,"1,187.20"
2020-09-09,0.5,0.915,1.518,2.244,"1,187.90"
2020-09-10,0.5,0.915,1.517,2.243,"1,189.60"
2020-09-11,0.5,0.926,1.53,2.251,"1,185.30"
2020-09-14,0.5,0.919,1.517,2.247,"1,188.30"
2020-09-15,0.5,0.907,1.503,2.238,"1,184.20"
2020-09-16,0.5,0.91,1.485,2.233,"1,180.50"
2020-09-17,0.5,0.914,1.508,2.236,"1,177.80"
2020-09-18,0.5,0.907,1.503,2.232,"1,175.40"
2020-09-21,0.5,0.904,1.493,2.232,"1,163.60"
2020-09-22,0.5,0.897,1.472,2.228,"1,160.60"
2020-09-23,0.5,0.883,1.447,2.217,"1,163.90"
2020-09-24,0.5,0.857,1.437,2.2,"1,164.40"
2020-09-25,0.5,0.855,1.424,2.2,"1,170.30"
2020-09-28,0.5,0.843,1.426,2.192,"1,170.50"
2020-09-29,0.5,0.846,1.43,2.193,"1,173.50"
2020-10-05,0.5,0.881,1.479,2.221,"1,169.50"
2020-10-06,0.5,0.905,1.531,2.242,"1,163.40"
2020-10-07,0.5,0.91,1.533,2.244,"1,160.00"
2020-10-08,0.5,0.907,1.543,2.241,"1,162.50"
2020-10-12,0.5,0.925,1.553,2.251,"1,156.20"
2020-10-13,0.5,0.923,1.527,2.248,"1,148.30"
2020-10-14,0.5,0.901,1.513,2.237,"1,149.50"
2020-10-15,0.5,0.877,1.478,2.22,"1,145.70"
2020-10-16,0.5,0.888,1.493,2.23,"1,144.60"
2020-10-19,0.5,0.891,1.441,2.229,"1,145.60"
2020-10-20,0.5,0.911,1.462,2.241,"1,142.20"
2020-10-21,0.5,0.934,1.522,2.259,"1,139.70"
2020-10-22,0.5,0.925,1.507,2.246,"1,133.70"
2020-10-23,0.5,0.91,1.495,2.235,"1,134.10"
2020-10-26,0.5,0.908,1.482,2.231,"1,134.60"
2020-10-27,0.5,0.917,1.503,2.239,"1,129.10"
2020-10-28,0.5,0.914,1.497,2.232,"1,127.60"
2020-10-29,0.5,0.927,1.527,2.24,"1,129.30"
2020-10-30,0.5,0.935,1.546,2.247,"1,133.40"
2020-11-02,0.5,0.971,1.602,2.273,"1,130.40"
2020-11-03,0.5,0.98,1.607,2.276,"1,134.70"
2020-11-04,0.5,0.955,1.569,2.257,"1,134.60"
2020-11-05,0.5,0.927,1.527,2.237,"1,136.50"
2020-11-06,0.5,0.943,1.559,2.249,"1,130.90"
2020-11-09,0.5,0.959,1.568,2.254,"1,124.40"
2020-11-10,0.5,0.976,1.624,2.269,"1,115.60"
2020-11-11,0.5,0.989,1.662,2.274,"1,115.90"
2020-11-12,0.5,0.969,1.65,2.256,"1,112.40"
2020-11-13,0.5,0.965,1.627,2.253,"1,113.20"
2020-11-16,0.5,0.97,1.623,2.254,"1,115.10"
2020-11-17,0.5,0.96,1.62,2.25,"1,108.00"
2020-11-18,0.5,0.949,1.602,2.239,"1,106.80"
2020-11-19,0.5,0.955,1.608,2.237,"1,105.90"
2020-11-20,0.5,0.963,1.607,2.234,"1,112.20"
2020-11-23,0.5,0.955,1.581,2.219,"1,114.20"
2020-11-24,0.5,0.963,1.598,2.224,"1,112.60"
2020-11-25,0.5,0.971,1.629,2.233,"1,111.20"
2020-11-26,0.5,0.981,1.655,2.24,"1,107.20"
2020-11-27,0.5,0.979,1.641,2.232,"1,105.80"
2020-11-30,0.5,0.983,1.659,2.235,"1,104.40"
2020-12-01,0.5,0.982,1.649,2.232,"1,104.90"
2020-12-02,0.5,0.982,1.675,2.233,"1,107.10"
2020-12-03,0.5,0.975,1.669,2.226,"1,103.30"
2020-12-04,0.5,0.966,1.655,2.22,"1,098.10"
2020-12-07,0.5,0.961,1.646,2.215,"1,086.60"
2020-12-08,0.5,0.959,1.642,2.211,"1,082.70"
2020-12-09,0.5,0.966,1.656,2.214,"1,084.40"
2020-12-10,0.5,0.973,1.655,2.212,"1,083.60"
2020-12-11,0.5,0.98,1.661,2.215,"1,086.20"
2020-12-14,0.5,0.986,1.67,2.216,"1,089.30"
2020-12-15,0.5,0.984,1.671,2.215,"1,090.80"
2020-12-16,0.5,0.989,1.692,2.221,"1,093.20"
2020-12-17,0.5,0.999,1.732,2.229,"1,092.20"
2020-12-18,0.5,0.963,1.708,2.208,"1,092.80"
2020-12-21,0.5,0.959,1.679,2.201,"1,097.90"
2020-12-22,0.5,0.945,1.657,2.19,"1,101.20"
2020-12-23,0.5,0.932,1.64,2.179,"1,106.60"
2020-12-24,0.5,0.95,1.682,2.196,"1,108.90"
2020-12-28,0.5,0.958,1.681,2.196,"1,103.70"
2020-12-29,0.5,0.973,1.698,2.202,"1,098.20"
2020-12-30,0.5,0.978,1.713,2.208,"1,093.20"
2020-12-31,0.5,0.976,1.713,2.208,"1,088.00"
2021-01-04,0.5,0.954,1.723,2.192,"1,088.00"
2021-01-05,0.5,0.936,1.691,2.173,"1,083.10"
2021-01-06,0.5,0.953,1.731,2.176,"1,086.10"
2021-01-07,0.5,0.964,1.724,2.177,"1,086.80"
2021-01-08,0.5,0.978,1.729,2.178,"1,087.70"
2021-01-11,0.5,0.969,1.692,2.161,"1,094.40"
2021-01-12,0.5,0.976,1.718,2.161,"1,097.80"
2021-01-13,0.5,0.979,1.719,2.158,"1,099.90"
2021-01-14,0.5,0.988,1.734,2.155,"1,095.00"
2021-01-15,0.5,0.973,1.731,2.144,"1,100.30"
2021-01-18,0.5,0.968,1.714,2.137,"1,097.90"
2021-01-19,0.5,0.974,1.711,2.132,"1,104.40"
2021-01-20,0.5,0.976,1.703,2.129,"1,102.10"
2021-01-21,0.5,0.971,1.706,2.122,"1,100.00"
2021-01-22,0.5,0.993,1.758,2.124,"1,099.20"
2021-01-25,0.5,1.006,1.78,2.124,"1,102.30"
2021-01-26,0.5,1.007,1.77,2.122,"1,103.20"
2021-01-27,0.5,0.982,1.757,2.103,"1,103.00"
2021-01-28,0.5,0.977,1.764,2.097,"1,104.00"
2021-01-29,0.5,0.971,1.768,2.092,"1,114.60"
2021-02-01,0.5,0.994,1.803,2.09,"1,117.20"
2021-02-02,0.5,0.98,1.758,2.069,"1,118.00"
2021-02-03,0.5,0.978,1.768,2.064,"1,116.60"
2021-02-04,0.5,0.984,1.793,2.065,"1,114.00"
2021-02-05,0.5,0.982,1.791,2.061,"1,116.70"
2021-02-08,0.5,1.001,1.822,2.07,"1,124.00"
2021-02-09,0.5,0.99,1.813,2.054,"1,119.10"
2021-02-10,0.5,0.995,1.831,2.055,"1,116.00"
2021-02-15,0.5,0.998,1.871,2.056,"1,110.10"
2021-02-16,0.5,0.984,1.85,2.041,"1,103.10"
2021-02-17,0.5,0.986,1.862,2.043,"1,099.70"
2021-02-18,0.5,0.985,1.854,2.039,"1,107.70"
2021-02-19,0.5,0.996,1.875,2.043,"1,105.70"
2021-02-22,0.5,1.02,1.922,2.059,"1,107.10"
2021-02-23,0.5,1.02,1.906,2.054,"1,106.50"
2021-02-24,0.5,1.006,1.851,2.032,"1,110.80"
2021-02-25,0.5,0.995,1.884,2.035,"1,110.20"
2021-02-26,0.5,1.02,1.96,2.054,"1,108.40"
2021-03-02,0.5,1.021,1.966,2.054,"1,121.80"
2021-03-03,0.5,1.019,1.951,2.051,"1,121.30"
2021-03-04,0.5,1.03,1.972,2.058,"1,122.90"
2021-03-05,0.5,1.066,1.992,2.08,"1,126.20"
2021-03-08,0.5,1.139,2.028,2.117,"1,129.40"
2021-03-09,0.5,1.206,2.034,2.159,"1,131.30"
2021-03-10,0.5,1.182,2.036,2.134,"1,141.10"
2021-03-11,0.5,1.179,2.027,2.123,"1,140.70"
2021-03-12,0.5,1.223,2.092,2.149,"1,137.30"
2021-03-15,0.5,1.238,2.152,2.153,"1,130.70"
2021-03-16,0.5,1.177,2.098,2.114,"1,135.90"
2021-03-17,0.5,1.177,2.134,2.115,"1,132.50"
2021-03-18,0.5,1.133,2.15,2.083,"1,131.80"
2021-03-19,0.5,1.146,2.099,2.092,"1,123.70"
2021-03-22,0.5,1.13,2.057,2.079,"1,131.80"
2021-03-23,0.5,1.132,2.032,2.076,"1,131.30"
2021-03-24,0.5,1.115,1.992,2.059,"1,128.00"
2021-03-25,0.5,1.089,1.967,2.045,"1,133.50"
2021-03-26,0.5,1.117,2.005,2.059,"1,134.20"
2021-03-29,0.5,1.119,1.98,2.059,"1,131.80"
2021-03-30,0.5,1.155,2.063,2.078,"1,131.70"
2021-03-31,0.5,1.133,2.057,2.06,"1,133.50"
2021-04-01,0.5,1.138,2.023,2.063,"1,132.60"
2021-04-02,0.5,1.151,2.049,2.067,"1,129.30"
2021-04-05,0.5,1.202,2.094,2.095,"1,127.50"
2021-04-06,0.5,1.181,2.069,2.078,"1,127.80"
2021-04-07,0.5,1.181,2.064,2.073,"1,122.90"
2021-04-08,0.5,1.152,2.012,2.051,"1,116.40"
2021-04-09,0.5,1.168,2.029,2.056,"1,118.50"
2021-04-12,0.5,1.14,2.003,2.031,"1,117.20"
2021-04-13,0.5,1.138,2.027,2.029,"1,124.30"
2021-04-14,0.5,1.102,1.99,2.003,"1,126.10"
2021-04-15,0.5,1.147,2.02,2.027,"1,119.90"
2021-04-16,0.5,1.154,2.023,2.029,"1,117.60"
2021-04-19,0.5,1.129,1.981,1.914,"1,117.90"
2021-04-20,0.5,1.134,2.003,1.918,"1,118.20"
2021-04-21,0.5,1.11,2.005,1.899,"1,113.40"
2021-04-22,0.5,1.105,1.989,1.896,"1,117.40"
2021-04-23,0.5,1.12,2.043,1.907,"1,116.30"
2021-04-26,0.5,1.119,2.089,1.903,"1,118.90"
2021-04-27,0.5,1.097,2.071,1.885,"1,114.00"
2021-04-28,0.5,1.105,2.082,1.89,"1,110.80"
2021-04-29,0.5,1.121,2.098,1.9,"1,112.50"
2021-04-30,0.5,1.141,2.128,1.914,"1,107.40"
2021-05-03,0.5,1.149,2.124,1.917,"1,109.60"
2021-05-04,0.5,1.158,2.13,1.92,"1,119.30"
2021-05-06,0.5,1.14,2.102,1.9,"1,121.10"
2021-05-07,0.5,1.137,2.123,1.9,"1,125.50"
2021-05-10,0.5,1.136,2.134,1.899,"1,121.40"
2021-05-11,0.5,1.128,2.139,1.892,"1,114.60"
2021-05-12,0.5,1.121,2.125,1.888,"1,119.10"
2021-05-13,0.5,1.123,2.156,1.888,"1,123.50"
2021-05-14,0.5,1.116,2.158,1.882,"1,130.60"
2021-05-17,0.5,1.107,2.117,1.872,"1,129.50"
2021-05-18,0.5,1.099,2.118,1.865,"1,133.00"
2021-05-20,0.5,1.103,2.135,1.869,"1,133.10"
2021-05-21,0.5,1.095,2.123,1.861,"1,132.20"
2021-05-24,0.5,1.116,2.12,1.876,"1,126.90"
2021-05-25,0.5,1.142,2.129,1.89,"1,127.60"
2021-05-26,0.5,1.161,2.128,1.902,"1,122.80"
2021-05-27,0.5,1.124,2.111,1.867,"1,118.60"
2021-05-28,0.5,1.162,2.132,1.899,"1,118.00"
2021-05-31,0.5,1.227,2.179,1.945,"1,116.00"
2021-06-01,0.5,1.213,2.186,1.929,"1,113.50"
2021-06-02,0.5,1.206,2.202,1.924,"1,107.00"
2021-06-03,0.5,1.191,2.195,1.911,"1,110.30"
2021-06-04,0.5,1.22,2.173,1.931,"1,111.80"
2021-06-07,0.5,1.201,2.156,1.911,"1,117.50"
2021-06-08,0.5,1.174,2.116,1.891,"1,111.20"
2021-06-09,0.5,1.137,2.103,1.866,"1,113.70"
2021-06-10,0.5,1.282,2.085,1.88,"1,115.80"
2021-06-11,0.5,1.276,2.101,1.872,"1,115.00"
2021-06-14,0.5,1.287,2.096,1.881,"1,111.20"
2021-06-15,0.5,1.307,2.071,1.896,"1,116.40"
2021-06-16,0.5,1.286,2.07,1.879,"1,117.80"
2021-06-17,0.5,1.327,2.079,1.9,"1,117.70"
2021-06-18,0.5,1.313,2.041,1.888,"1,129.50"
2021-06-21,0.5,1.351,2.006,1.906,"1,132.20"
2021-06-22,0.5,1.331,2.05,1.889,"1,135.40"
2021-06-23,0.5,1.338,2.041,1.893,"1,132.40"
2021-06-24,0.5,1.384,2.06,1.929,"1,135.60"
2021-06-25,0.5,1.441,2.1,1.969,"1,135.80"
2021-06-28,0.5,1.47,2.137,1.993,"1,128.80"
2021-06-29,0.5,1.459,2.109,1.977,"1,129.90"
2021-06-30,0.5,1.448,2.092,1.966,"1,130.00"
2021-07-01,0.5,1.469,2.09,1.975,"1,129.50"
2021-07-02,0.5,1.484,2.101,1.984,"1,132.20"
2021-07-05,0.5,1.462,2.089,1.962,"1,134.50"
2021-07-06,0.5,1.465,2.119,1.964,"1,130.30"
2021-07-07,0.5,1.41,2.039,1.915,"1,131.80"
2021-07-08,0.5,1.358,2.002,1.865,"1,137.60"
2021-07-09,0.5,1.375,2.033,1.874,"1,143.40"
2021-07-12,0.5,1.384,2.022,1.877,"1,148.30"
2021-07-13,0.5,1.424,2.035,1.896,"1,146.40"
2021-07-14,0.5,1.39,2.008,1.869,"1,145.10"
2021-07-15,0.5,1.497,2.024,1.938,"1,150.30"
2021-07-16,0.5,1.451,2.008,1.908,"1,143.70"
2021-07-19,0.5,1.459,1.972,1.908,"1,141.10"
2021-07-20,0.5,1.41,1.893,1.864,"1,145.70"
2021-07-21,0.5,1.383,1.878,1.835,"1,151.00"
2021-07-22,0.5,1.397,1.921,1.843,"1,150.60"
2021-07-23,0.5,1.393,1.888,1.841,"1,151.00"
2021-07-26,0.5,1.369,1.863,1.821,"1,149.50"
2021-07-27,0.5,1.38,1.868,1.83,"1,153.20"
2021-07-28,0.5,1.419,1.862,1.853,"1,150.20"
2021-07-29,0.5,1.431,1.889,1.862,"1,154.80"
2021-07-30,0.5,1.417,1.874,1.847,"1,147.40"
2021-08-02,0.5,1.435,1.907,1.858,"1,147.50"
2021-08-03,0.5,1.442,1.89,1.863,"1,151.50"
2021-08-04,0.5,1.418,1.866,1.841,"1,150.70"
2021-08-05,0.5,1.414,1.878,1.836,"1,145.80"
2021-08-06,0.5,1.433,1.9,1.855,"1,143.50"
2021-08-09,0.5,1.436,1.914,1.859,"1,142.30"
2021-08-10,0.5,1.432,1.916,1.855,"1,145.00"
2021-08-11,0.5,1.419,1.934,1.845,"1,148.50"
2021-08-12,0.5,1.413,1.922,1.84,"1,155.00"
2021-08-13,0.5,1.407,1.924,1.834,"1,158.90"
2021-08-17,0.5,1.402,1.886,1.83,"1,167.80"
2021-08-18,0.5,1.389,1.881,1.817,"1,174.90"
2021-08-19,0.5,1.36,1.868,1.79,"1,172.70"
2021-08-20,0.5,1.364,1.853,1.794,"1,174.50"
2021-08-23,0.5,1.389,1.889,1.82,"1,176.70"
2021-08-24,0.5,1.438,1.939,1.862,"1,174.00"
2021-08-25,0.5,1.435,1.936,1.863,"1,168.00"
2021-08-26,0.75,1.398,1.928,1.836,"1,166.50"
2021-08-27,0.75,1.408,1.939,1.842,"1,168.10"
2021-08-30,0.75,1.398,1.913,1.832,"1,170.80"
2021-08-31,0.75,1.395,1.912,1.829,"1,164.40"
2021-09-01,0.75,1.417,1.942,1.848,"1,162.80"
2021-09-02,0.75,1.422,1.941,1.855,"1,157.50"
2021-09-03,0.75,1.437,1.943,1.865,"1,159.70"
2021-09-06,0.75,1.459,1.97,1.881,"1,156.40"
2021-09-07,0.75,1.464,1.975,1.888,"1,157.30"
2021-09-08,0.75,1.489,2.016,1.908,"1,157.90"
2021-09-09,0.75,1.499,2,1.921,"1,164.50"
2021-09-10,0.75,1.501,2.006,1.936,"1,170.10"
2021-09-13,0.75,1.525,2.037,1.962,"1,170.40"
2021-09-14,0.75,1.535,2.06,1.975,"1,174.30"
2021-09-15,0.75,1.492,2.025,1.942,"1,172.20"
2021-09-16,0.75,1.51,2.043,1.958,"1,171.70"
2021-09-17,0.75,1.535,2.068,1.978,"1,169.10"
2021-09-23,0.75,1.558,2.099,1.996,"1,177.60"
2021-09-24,0.75,1.575,2.152,2.017,"1,181.70"
2021-09-27,0.75,1.566,2.168,2.015,"1,175.30"
2021-09-28,0.75,1.609,2.256,2.061,"1,175.90"
2021-09-29,0.75,1.603,2.223,2.057,"1,182.00"
2021-09-30,0.75,1.593,2.237,2.049,"1,184.90"
2021-10-01,0.75,1.633,2.258,2.087,"1,185.20"
2021-10-05,0.75,1.65,2.291,2.101,"1,187.20"
2021-10-06,0.75,1.719,2.399,2.171,"1,187.10"
2021-10-07,0.75,1.704,2.387,2.158,"1,190.00"
2021-10-08,0.75,1.701,2.374,2.156,"1,190.30"
2021-10-12,0.75,1.815,2.447,2.262,"1,193.40"
2021-10-13,0.75,1.824,2.401,2.27,"1,199.10"
2021-10-14,0.75,1.813,2.351,2.261,"1,195.00"
2021-10-15,0.75,1.795,2.356,2.249,"1,188.30"
2021-10-18,0.75,1.875,2.4,2.333,"1,182.80"
2021-10-19,0.75,1.866,2.379,2.325,"1,185.80"
2021-10-20,0.75,1.847,2.392,2.318,"1,181.70"
2021-10-21,0.75,1.836,2.388,2.31,"1,175.60"
2021-10-22,0.75,1.889,2.411,2.362,"1,175.80"
2021-10-25,0.75,1.919,2.426,2.387,"1,178.40"
2021-10-26,0.75,1.947,2.457,2.423,"1,171.80"
2021-10-27,0.75,2.044,2.487,2.506,"1,166.30"
2021-10-28,0.75,2.017,2.397,2.487,"1,168.10"
2021-10-29,0.75,2.103,2.575,2.573,"1,171.70"
2021-11-01,0.75,2.108,2.506,2.58,"1,169.60"
2021-11-02,0.75,2.038,2.48,2.542,"1,176.30"
2021-11-03,0.75,2.036,2.47,2.539,"1,175.50"
2021-11-04,0.75,2.04,2.428,2.544,"1,181.10"
2021-11-05,0.75,1.944,2.35,2.468,"1,180.00"
2021-11-08,0.75,1.906,2.329,2.438,"1,185.20"
2021-11-09,0.75,1.865,2.293,2.403,"1,184.30"
2021-11-10,0.75,1.877,2.309,2.417,"1,178.40"
2021-11-11,0.75,1.913,2.341,2.453,"1,181.00"
2021-11-12,0.75,1.968,2.344,2.499,"1,184.70"
2021-11-15,0.75,1.912,2.298,2.457,"1,179.60"
2021-11-16,0.75,1.963,2.333,2.505,"1,180.20"
2021-11-17,0.75,1.974,2.359,2.517,"1,179.60"
2021-11-18,0.75,1.953,2.338,2.501,"1,183.60"
2021-11-19,0.75,1.966,2.372,2.513,"1,180.50"
2021-11-22,0.75,2.018,2.386,2.563,"1,183.50"
2021-11-23,0.75,2.031,2.4,2.582,"1,187.40"
2021-11-24,0.75,2.013,2.394,2.569,"1,188.90"
2021-11-25,1,1.933,2.348,2.499,"1,188.50"
2021-11-26,1,1.863,2.255,2.433,"1,189.70"
2021-11-29,1,1.844,2.266,2.418,"1,193.00"
2021-11-30,1,1.799,2.213,2.373,"1,193.40"
2021-12-01,1,1.813,2.182,2.385,"1,187.70"
2021-12-02,1,1.845,2.198,2.406,"1,180.30"
2021-12-03,1,1.9,2.234,2.464,"1,177.30"
2021-12-06,1,1.865,2.213,2.436,"1,178.60"
2021-12-07,1,1.872,2.24,2.446,"1,183.70"
2021-12-08,1,1.831,2.185,2.409,"1,181.20"
2021-12-09,1,1.794,2.188,2.385,"1,176.40"
2021-12-10,1,1.805,2.201,2.399,"1,173.80"
2021-12-13,1,1.79,2.169,2.402,"1,178.20"
2021-12-14,1,1.784,2.169,2.402,"1,178.80"
2021-12-15,1,1.808,2.166,2.43,"1,183.60"
2021-12-16,1,1.766,2.147,2.398,"1,186.20"
2021-12-17,1,1.767,2.153,2.398,"1,183.50"
2021-12-20,1,1.74,2.107,2.372,"1,184.40"
2021-12-21,1,1.72,2.099,2.355,"1,189.80"
2021-12-22,1,1.757,2.147,2.392,"1,191.50"
2021-12-23,1,1.805,2.212,2.441,"1,191.20"
2021-12-24,1,1.798,2.206,2.438,"1,187.50"
2021-12-27,1,1.776,2.211,2.411,"1,186.40"
2021-12-28,1,1.786,2.198,2.417,"1,186.20"
2021-12-29,1,1.783,2.18,2.409,"1,186.70"
2021-12-30,1,1.799,2.248,2.417,"1,186.60"
2021-12-31,1,1.798,2.25,2.415,"1,185.50"
2022-01-03,1,1.855,2.325,2.46,"1,185.50"
2022-01-04,1,1.868,2.32,2.474,"1,190.80"
2022-01-05,1,1.913,2.375,2.506,"1,194.30"
2022-01-06,1,2.013,2.481,2.59,"1,198.20"
2022-01-07,1,2.015,2.458,2.593,"1,199.60"
2022-01-10,1,2.058,2.484,2.624,"1,202.40"
2022-01-11,1,2.038,2.485,2.611,"1,200.00"
2022-01-12,1,1.998,2.428,2.576,"1,195.20"
2022-01-13,1,1.953,2.397,2.537,"1,189.90"
2022-01-14,1.25,2.044,2.453,2.6,"1,188.20"
2022-01-17,1.25,2.148,2.568,2.699,"1,187.60"
2022-01-18,1.25,2.127,2.553,2.685,"1,192.30"
2022-01-19,1.25,2.073,2.537,2.645,"1,188.90"
2022-01-20,1.25,2.119,2.558,2.684,"1,191.80"
2022-01-21,1.25,2.132,2.54,2.693,"1,190.40"
2022-01-24,1.25,2.112,2.54,2.675,"1,193.60"
2022-01-25,1.25,2.174,2.576,2.725,"1,194.20"
2022-01-26,1.25,2.156,2.573,2.713,"1,197.80"
2022-01-27,1.25,2.217,2.612,2.781,"1,197.00"
2022-01-28,1.25,2.189,2.586,2.765,"1,202.40"
2022-02-03,1.25,2.158,2.566,2.733,"1,205.70"
2022-02-04,1.25,2.194,2.619,2.771,"1,205.40"
2022-02-07,1.25,2.237,2.638,2.815,"1,199.50"
2022-02-08,1.25,2.303,2.733,2.867,"1,199.40"
2022-02-09,1.25,2.279,2.691,2.857,"1,197.80"
2022-02-10,1.25,2.264,2.686,2.85,"1,196.00"
2022-02-11,1.25,2.343,2.747,2.921,"1,196.00"
2022-02-14,1.25,2.347,2.714,2.926,"1,199.60"
2022-02-15,1.25,2.345,2.71,2.928,"1,198.30"
2022-02-16,1.25,2.325,2.702,2.913,"1,198.50"
2022-02-17,1.25,2.295,2.708,2.895,"1,196.90"
2022-02-18,1.25,2.322,2.728,2.916,"1,197.10"
2022-02-21,1.25,2.363,2.77,2.949,"1,196.40"
2022-02-22,1.25,2.327,2.717,2.916,"1,194.60"
2022-02-23,1.25,2.317,2.722,2.913,"1,194.70"
2022-02-24,1.25,2.226,2.624,2.83,"1,192.10"
2022-02-25,1.25,2.244,2.671,2.854,"1,199.40"
2022-02-28,1.25,2.242,2.675,2.855,"1,202.70"
2022-03-02,1.25,2.187,2.613,2.813,"1,205.60"
2022-03-03,1.25,2.195,2.648,2.835,"1,205.00"
2022-03-04,1.25,2.214,2.658,2.848,"1,203.60"
2022-03-07,1.25,2.288,2.707,2.922,"1,211.50"
2022-03-08,1.25,2.287,2.722,2.931,"1,225.40"
2022-03-10,1.25,2.267,2.726,2.933,"1,234.50"
2022-03-11,1.25,2.255,2.7,2.92,"1,228.70"
2022-03-14,1.25,2.283,2.739,2.947,"1,232.40"
2022-03-15,1.25,2.285,2.753,2.965,"1,238.60"
2022-03-16,1.25,2.268,2.768,2.948,"1,241.70"
2022-03-17,1.25,2.217,2.704,2.902,"1,240.40"
2022-03-18,1.25,2.231,2.737,2.911,"1,220.60"
2022-03-21,1.25,2.268,2.741,2.944,"1,211.10"
2022-03-22,1.25,2.399,2.832,3.045,"1,213.70"
2022-03-23,1.25,2.426,2.828,3.073,"1,221.40"
2022-03-24,1.25,2.455,2.856,3.104,"1,212.70"
2022-03-25,1.25,2.505,2.871,3.163,"1,219.40"
2022-03-28,1.25,2.747,3.031,3.394,"1,218.30"
2022-03-29,1.25,2.7,2.972,3.361,"1,225.70"
2022-03-30,1.25,2.615,2.885,3.291,"1,220.50"
2022-03-31,1.25,2.663,2.969,3.34,"1,210.80"
2022-04-01,1.25,2.784,3.007,3.458,"1,210.70"
2022-04-04,1.25,2.837,3.065,3.499,"1,216.10"
2022-04-05,1.25,2.879,3.08,3.542,"1,216.70"
2022-04-06,1.25,2.941,3.129,3.592,"1,212.60"
2022-04-07,1.25,2.905,3.128,3.562,"1,219.10"
2022-04-08,1.25,2.987,3.169,3.636,"1,218.50"
2022-04-11,1.25,3.186,3.305,3.813,"1,224.00"
2022-04-12,1.25,3.105,3.313,3.774,"1,232.00"
2022-04-13,1.25,3.001,3.287,3.688,"1,236.60"
2022-04-14,1.5,2.888,3.22,3.583,"1,227.70"
2022-04-15,1.5,2.944,3.301,3.64,"1,224.20"
2022-04-18,1.5,2.99,3.355,3.689,"1,230.10"
2022-04-19,1.5,2.981,3.35,3.671,"1,232.80"
2022-04-20,1.5,2.957,3.313,3.662,"1,234.90"
2022-04-21,1.5,2.927,3.296,3.647,"1,237.10"
2022-04-22,1.5,2.971,3.314,3.688,"1,236.40"
2022-04-25,1.5,2.857,3.188,3.602,"1,241.70"
2022-04-26,1.5,2.83,3.19,3.584,"1,247.10"
2022-04-27,1.5,2.899,3.185,3.595,"1,248.30"
2022-04-28,1.5,2.925,3.166,3.636,"1,263.10"
2022-04-29,1.5,2.958,3.242,3.68,"1,269.40"
2022-05-02,1.5,3.086,3.38,3.794,"1,265.40"
2022-05-03,1.5,3.139,3.406,3.855,"1,265.80"
2022-05-04,1.5,3.178,3.434,3.887,"1,265.70"
2022-05-06,1.5,3.146,3.431,3.873,"1,261.80"
2022-05-09,1.5,3.062,3.414,3.8,"1,272.70"
2022-05-10,1.5,3.046,3.403,3.783,"1,274.60"
2022-05-11,1.5,2.928,3.269,3.691,"1,275.50"
2022-05-12,1.5,2.9,3.169,3.657,"1,277.00"
2022-05-13,1.5,2.911,3.221,3.673,"1,286.40"
2022-05-16,1.5,3.046,3.277,3.781,"1,286.00"
2022-05-17,1.5,3.031,3.287,3.784,"1,281.60"
2022-05-18,1.5,3.069,3.32,3.832,"1,277.20"
2022-05-19,1.5,3.046,3.307,3.821,"1,269.30"
2022-05-20,1.5,3.011,3.245,3.784,"1,274.60"
2022-05-23,1.5,3.018,3.258,3.796,"1,269.50"
2022-05-24,1.5,2.967,3.214,3.742,"1,267.70"
2022-05-25,1.5,2.946,3.177,3.72,"1,264.30"
2022-05-26,1.75,2.955,3.238,3.733,"1,263.30"
2022-05-27,1.75,2.947,3.212,3.728,"1,266.40"
2022-05-30,1.75,2.942,3.211,3.724,"1,256.90"
2022-05-31,1.75,3.027,3.326,3.807,"1,245.80"
2022-06-02,1.75,3.125,3.421,3.897,"1,238.40"
2022-06-03,1.75,3.121,3.405,3.896,"1,251.20"
2022-06-07,1.75,3.232,3.538,4.001,"1,241.10"
2022-06-08,1.75,3.209,3.472,3.982,"1,257.10"
2022-06-09,1.75,3.171,3.471,3.958,"1,255.40"
2022-06-10,1.75,3.275,3.495,3.996,"1,257.60"
2022-06-13,1.75,3.514,3.654,4.222,"1,266.00"
2022-06-14,1.75,3.548,3.691,4.27,"1,286.00"
2022-06-15,1.75,3.666,3.795,4.371,"1,289.70"
2022-06-16,1.75,3.728,3.767,4.437,"1,291.30"
2022-06-17,1.75,3.745,3.795,4.468,"1,284.10"
2022-06-20,1.75,3.675,3.784,4.414,"1,287.50"
2022-06-21,1.75,3.663,3.775,4.402,"1,291.70"
2022-06-22,1.75,3.522,3.682,4.275,"1,290.60"
2022-06-23,1.75,3.608,3.726,4.363,"1,295.70"
2022-06-24,1.75,3.523,3.635,4.297,"1,300.70"
2022-06-27,1.75,3.568,3.72,4.344,"1,299.40"
2022-06-28,1.75,3.552,3.68,4.339,"1,285.60"
2022-06-29,1.75,3.552,3.667,4.359,"1,284.90"
2022-06-30,1.75,3.55,3.636,4.361,"1,292.90"
2022-07-01,1.75,3.439,3.49,4.257,"1,299.80"
2022-07-04,1.75,3.43,3.489,4.247,"1,294.20"
2022-07-05,1.75,3.301,3.379,4.128,"1,297.90"
2022-07-06,1.75,3.239,3.295,4.086,"1,298.00"
2022-07-07,1.75,3.262,3.307,4.113,"1,307.40"
2022-07-08,1.75,3.315,3.36,4.186,"1,302.70"
2022-07-11,1.75,3.324,3.385,4.198,"1,299.30"
2022-07-12,1.75,3.291,3.349,4.158,"1,300.60"
2022-07-13,2.25,3.211,3.301,4.094,"1,312.90"
2022-07-14,2.25,3.26,3.295,4.139,"1,305.90"
2022-07-15,2.25,3.205,3.242,4.091,"1,310.00"
2022-07-18,2.25,3.212,3.27,4.104,"1,323.70"
2022-07-19,2.25,3.192,3.253,4.092,"1,317.80"
2022-07-20,2.25,3.296,3.36,4.197,"1,314.90"
2022-07-21,2.25,3.294,3.374,4.202,"1,308.60"
2022-07-22,2.25,3.218,3.302,4.135,"1,312.10"
2022-07-25,2.25,3.153,3.211,4.082,"1,311.70"
2022-07-26,2.25,3.121,3.183,4.063,"1,311.00"
2022-07-27,2.25,3.09,3.121,4.033,"1,310.00"
2022-07-28,2.25,3.13,3.201,4.082,"1,312.80"
2022-07-29,2.25,3.009,3.127,3.969,"1,304.00"
2022-08-01,2.25,3.081,3.184,4.043,"1,298.60"
2022-08-02,2.25,3.012,3.088,3.983,"1,306.40"
2022-08-03,2.25,3.065,3.131,4.045,"1,307.20"
2022-08-04,2.25,3.114,3.152,4.091,"1,310.50"
2022-08-05,2.25,3.079,3.124,4.056,"1,309.70"
2022-08-08,2.25,3.134,3.177,4.113,"1,299.30"
2022-08-09,2.25,3.134,3.166,4.119,"1,304.80"
2022-08-10,2.25,3.154,3.207,4.133,"1,305.10"
2022-08-11,2.25,3.124,3.219,4.111,"1,309.10"
2022-08-12,2.25,3.181,3.282,4.159,"1,302.50"
2022-08-16,2.25,3.078,3.156,4.057,"1,303.10"
2022-08-17,2.25,3.087,3.188,4.076,"1,309.60"
2022-08-18,2.25,3.125,3.221,4.114,"1,309.80"
2022-08-19,2.25,3.197,3.31,4.186,"1,317.30"
2022-08-22,2.25,3.245,3.342,4.235,"1,326.70"
2022-08-23,2.25,3.281,3.361,4.27,"1,338.20"
2022-08-24,2.25,3.311,3.433,4.298,"1,341.80"
2022-08-25,2.5,3.531,3.593,4.507,"1,341.40"
2022-08-26,2.5,3.525,3.616,4.499,"1,336.90"
2022-08-29,2.5,3.653,3.715,4.621,"1,332.50"
2022-08-30,2.5,3.642,3.695,4.618,"1,347.70"
2022-08-31,2.5,3.685,3.721,4.658,"1,347.50"
2022-09-01,2.5,3.778,3.805,4.747,"1,345.10"
2022-09-02,2.5,3.678,3.738,4.655,"1,351.40"
2022-09-05,2.5,3.616,3.67,4.596,"1,356.50"
2022-09-06,2.5,3.682,3.712,4.662,"1,369.70"
2022-09-07,2.5,3.685,3.736,4.668,"1,370.30"
2022-09-08,2.5,3.543,3.622,4.541,"1,385.30"
2022-09-13,2.5,3.536,3.62,4.525,"1,381.20"
2022-09-14,2.5,3.585,3.651,4.579,"1,374.80"
2022-09-15,2.5,3.77,3.791,4.759,"1,391.70"
2022-09-16,2.5,3.767,3.772,4.758,"1,394.20"
2022-09-19,2.5,3.759,3.794,4.751,"1,394.20"
2022-09-20,2.5,3.823,3.836,4.806,"1,390.10"
2022-09-21,2.5,3.847,3.891,4.843,"1,389.10"
2022-09-22,2.5,4.104,3.997,5.092,"1,393.60"
2022-09-23,2.5,4.199,4.112,5.189,"1,408.00"
2022-09-26,2.5,4.548,4.335,5.528,"1,408.40"
2022-09-27,2.5,4.304,4.208,5.308,"1,429.70"
2022-09-28,2.5,4.338,4.332,5.342,"1,427.20"
2022-09-29,2.5,4.303,4.229,5.378,"1,436.50"
2022-09-30,2.5,4.186,4.096,5.28,"1,434.80"
2022-10-04,2.5,4.081,4.006,5.175,"1,432.10"
2022-10-05,2.5,4.157,4.102,5.242,"1,431.20"
2022-10-06,2.5,4.145,4.102,5.231,"1,419.10"
2022-10-07,2.5,4.276,4.214,5.358,"1,404.20"
2022-10-11,2.5,4.342,4.306,5.436,"1,410.30"
2022-10-12,3,4.107,4.11,5.21,"1,433.50"
2022-10-13,3,4.203,4.239,5.31,"1,430.40"
2022-10-14,3,4.207,4.181,5.32,"1,427.00"
2022-10-17,3,4.239,4.215,5.373,"1,428.90"
2022-10-18,3,4.242,4.277,5.408,"1,436.60"
2022-10-19,3,4.331,4.396,5.533,"1,425.60"
2022-10-20,3,4.35,4.439,5.588,"1,420.60"
2022-10-21,3,4.495,4.632,5.736,"1,431.70"
2022-10-24,3,4.305,4.503,5.592,"1,436.60"
2022-10-25,3,4.221,4.346,5.528,"1,436.60"
2022-10-26,3,4.208,4.279,5.553,"1,436.50"
2022-10-27,3,4.254,4.313,5.62,"1,428.20"
2022-10-28,3,4.112,4.167,5.487,"1,418.10"
2022-10-31,3,4.185,4.242,5.58,"1,419.30"
2022-11-01,3,4.068,4.135,5.486,"1,422.20"
2022-11-02,3,4.095,4.143,5.533,"1,421.70"
2022-11-03,3,4.158,4.197,5.616,"1,418.00"
2022-11-04,3,4.118,4.182,5.591,"1,422.10"
2022-11-07,3,4.186,4.258,5.662,"1,422.40"
2022-11-08,3,4.156,4.236,5.642,"1,406.50"
2022-11-09,3,4.086,4.177,5.594,"1,387.30"
2022-11-10,3,4.033,4.07,5.551,"1,368.30"
2022-11-11,3,3.834,3.894,5.361,"1,370.10"
2022-11-14,3,3.85,3.928,5.42,"1,334.10"
2022-11-15,3,3.753,3.861,5.346,"1,320.30"
2022-11-16,3,3.808,3.896,5.416,"1,322.40"
2022-11-17,3,3.804,3.853,5.427,"1,325.60"
2022-11-18,3,3.787,3.801,5.429,"1,338.40"
2022-11-21,3,3.837,3.764,5.492,"1,340.00"
2022-11-22,3,3.844,3.773,5.516,"1,352.30"
2022-11-23,3,3.849,3.774,5.536,"1,355.70"
2022-11-24,3.25,3.689,3.622,5.402,"1,352.30"
2022-11-25,3.25,3.644,3.623,5.376,"1,333.20"
2022-11-28,3.25,3.669,3.606,5.405,"1,326.80"
2022-11-29,3.25,3.723,3.673,5.468,"1,339.00"
2022-11-30,3.25,3.689,3.667,5.445,"1,331.50"
2022-12-01,3.25,3.65,3.663,5.422,"1,320.10"
2022-12-02,3.25,3.616,3.583,5.386,"1,300.80"
2022-12-05,3.25,3.609,3.549,5.37,"1,300.40"
2022-12-06,3.25,3.633,3.504,5.387,"1,293.20"
2022-12-07,3.25,3.672,3.523,5.411,"1,309.00"
2022-12-08,3.25,3.676,3.53,5.412,"1,319.50"
2022-12-09,3.25,3.657,3.491,5.391,"1,320.40"
2022-12-12,3.25,3.623,3.448,5.383,"1,306.60"
2022-12-13,3.25,3.623,3.469,5.374,"1,310.00"
2022-12-14,3.25,3.53,3.406,5.272,"1,304.40"
2022-12-15,3.25,3.536,3.38,5.263,"1,296.00"
2022-12-16,3.25,3.539,3.36,5.227,"1,301.00"
2022-12-19,3.25,3.545,3.395,5.217,"1,310.10"
2022-12-20,3.25,3.685,3.603,5.333,"1,302.00"
2022-12-21,3.25,3.638,3.566,5.272,"1,298.00"
2022-12-22,3.25,3.567,3.495,5.192,"1,286.60"
2022-12-23,3.25,3.623,3.552,5.215,"1,276.10"
2022-12-26,3.25,3.663,3.639,5.235,"1,282.20"
2022-12-27,3.25,3.662,3.611,5.219,"1,276.40"
2022-12-28,3.25,3.668,3.673,5.203,"1,268.30"
2022-12-29,3.25,3.719,3.726,5.238,"1,268.40"
2022-12-30,3.25,3.722,3.73,5.231,"1,267.30"
2023-01-02,3.25,3.782,3.811,5.262,"1,267.30"
2023-01-03,3.25,3.661,3.661,5.131,"1,268.90"
2023-01-04,3.25,3.632,3.597,5.078,"1,272.10"
2023-01-05,3.25,3.644,3.571,5.06,"1,274.70"
2023-01-06,3.25,3.681,3.573,5.062,"1,270.30"
2023-01-09,3.25,3.577,3.477,4.93,"1,267.20"
2023-01-10,3.25,3.556,3.462,4.887,"1,246.80"
2023-01-11,3.25,3.472,3.417,4.784,"1,240.80"
2023-01-12,3.25,3.466,3.412,4.73,"1,245.30"
2023-01-13,3.5,3.369,3.3,4.62,"1,244.60"
2023-01-16,3.5,3.454,3.383,4.661,"1,240.60"
2023-01-17,3.5,3.484,3.444,4.677,"1,234.00"
2023-01-18,3.5,3.39,3.337,4.56,"1,238.50"
2023-01-19,3.5,3.248,3.222,4.403,"1,239.80"
2023-01-20,3.5,3.33,3.279,4.453,"1,236.00"
2023-01-25,3.5,3.285,3.229,4.4,"1,234.40"
2023-01-26,3.5,3.273,3.231,4.361,"1,233.40"
2023-01-27,3.5,3.304,3.283,4.364,"1,231.40"
2023-01-30,3.5,3.271,3.238,4.31,"1,230.20"
2023-01-31,3.5,3.325,3.297,4.344,"1,228.70"
2023-02-01,3.5,3.263,3.239,4.268,"1,230.80"
2023-02-02,3.5,3.183,3.207,4.177,"1,231.40"
2023-02-03,3.5,3.11,3.148,4.081,"1,219.30"
2023-02-06,3.5,3.283,3.283,4.237,"1,227.20"
2023-02-07,3.5,3.315,3.297,4.244,"1,247.50"
2023-02-08,3.5,3.339,3.32,4.244,"1,256.00"
2023-02-09,3.5,3.401,3.362,4.254,"1,257.10"
2023-02-10,3.5,3.398,3.365,4.231,"1,263.10"
2023-02-13,3.5,3.452,3.43,4.252,"1,264.30"
2023-02-14,3.5,3.429,3.398,4.207,"1,274.60"
2023-02-15,3.5,3.502,3.471,4.255,"1,269.90"
2023-02-16,3.5,3.504,3.476,4.239,"1,279.30"
2023-02-17,3.5,3.639,3.626,4.345,"1,283.70"
2023-02-20,3.5,3.677,3.641,4.369,"1,297.70"
2023-02-21,3.5,3.623,3.6,4.324,"1,295.80"
2023-02-22,3.5,3.645,3.639,4.342,"1,295.80"
2023-02-23,3.5,3.599,3.595,4.311,"1,303.80"
2023-02-24,3.5,3.555,3.525,4.255,"1,299.60"
2023-02-27,3.5,3.683,3.619,4.366,"1,300.50"
2023-02-28,3.5,3.797,3.753,4.484,"1,317.40"
2023-03-02,3.5,3.878,3.84,4.558,"1,319.20"
2023-03-03,3.5,3.791,3.776,4.471,"1,310.40"
2023-03-06,3.5,3.774,3.731,4.458,"1,304.80"
2023-03-07,3.5,3.726,3.661,4.41,"1,296.70"
2023-03-08,3.5,3.855,3.72,4.534,"1,299.10"
2023-03-09,3.5,3.858,3.739,4.54,"1,319.50"
2023-03-10,3.5,3.703,3.584,4.396,"1,319.70"
2023-03-13,3.5,3.435,3.405,4.149,"1,325.70"
2023-03-14,3.5,3.381,3.337,4.085,"1,307.30"
2023-03-15,3.5,3.473,3.418,4.169,"1,304.90"
2023-03-16,3.5,3.4,3.394,4.098,"1,302.00"
2023-03-17,3.5,3.415,3.406,4.11,"1,312.10"
2023-03-20,3.5,3.264,3.304,3.986,"1,303.60"
2023-03-21,3.5,3.294,3.304,4.016,"1,308.40"
2023-03-22,3.5,3.284,3.287,4.014,"1,307.80"
2023-03-23,3.5,3.206,3.266,3.97,"1,307.10"
2023-03-24,3.5,3.16,3.21,3.928,"1,287.20"
2023-03-27,3.5,3.22,3.258,3.989,"1,289.70"
2023-03-28,3.5,3.258,3.281,4.029,"1,300.30"
2023-03-29,3.5,3.249,3.28,4.027,"1,297.40"
2023-03-30,3.5,3.24,3.305,4.035,"1,299.30"
2023-03-31,3.5,3.27,3.34,4.074,"1,303.80"
2023-04-03,3.5,3.342,3.389,4.139,"1,295.40"
2023-04-04,3.5,3.279,3.316,4.081,"1,316.30"
2023-04-05,3.5,3.264,3.326,4.072,"1,310.30"
2023-04-06,3.5,3.211,3.278,4.022,"1,311.90"
2023-04-07,3.5,3.24,3.289,4.049,"1,318.70"
2023-04-10,3.5,3.192,3.236,4.004,"1,318.90"
2023-04-11,3.5,3.231,3.255,4.041,"1,320.00"
2023-04-12,3.5,3.233,3.262,4.042,"1,319.50"
2023-04-13,3.5,3.199,3.273,4.009,"1,324.20"
2023-04-14,3.5,3.215,3.286,4.022,"1,318.00"
2023-04-17,3.5,3.287,3.349,4.092,"1,299.30"
2023-04-18,3.5,3.294,3.352,4.101,"1,311.30"
2023-04-19,3.5,3.337,3.37,4.146,"1,318.80"
2023-04-20,3.5,3.334,3.409,4.146,"1,318.80"
2023-04-21,3.5,3.267,3.343,4.083,"1,327.60"
2023-04-24,3.5,3.23,3.306,4.051,"1,327.90"
2023-04-25,3.5,3.265,3.323,4.076,"1,332.70"
2023-04-26,3.5,3.259,3.309,4.069,"1,333.30"
2023-04-27,3.5,3.288,3.342,4.094,"1,337.30"
2023-04-28,3.5,3.293,3.36,4.105,"1,339.90"
2023-05-02,3.5,3.335,3.372,4.14,"1,339.10"
2023-05-03,3.5,3.281,3.324,4.094,"1,340.20"
2023-05-04,3.5,3.21,3.278,4.03,"1,339.10"
2023-05-08,3.5,3.261,3.31,4.079,"1,325.60"
2023-05-09,3.5,3.256,3.318,4.069,"1,322.70"
2023-05-10,3.5,3.273,3.341,4.086,"1,323.00"
2023-05-11,3.5,3.22,3.292,4.032,"1,324.20"
2023-05-12,3.5,3.225,3.274,4.035,"1,320.30"
2023-05-15,3.5,3.279,3.332,4.089,"1,333.60"
2023-05-16,3.5,3.242,3.303,4.056,"1,337.80"
2023-05-17,3.5,3.274,3.319,4.084,"1,336.00"
2023-05-18,3.5,3.316,3.367,4.123,"1,339.40"
2023-05-19,3.5,3.34,3.419,4.148,"1,332.70"
2023-05-22,3.5,3.321,3.398,4.127,"1,331.20"
2023-05-23,3.5,3.373,3.473,4.181,"1,319.10"
2023-05-24,3.5,3.378,3.502,4.183,"1,311.40"
2023-05-25,3.5,3.48,3.597,4.28,"1,317.50"
2023-05-26,3.5,3.524,3.639,4.328,"1,323.40"
2023-05-30,3.5,3.56,3.651,4.359,"1,325.60"
2023-05-31,3.5,3.459,3.532,4.262,"1,322.20"
2023-06-01,3.5,3.478,3.549,4.285,"1,321.60"
2023-06-02,3.5,3.436,3.495,4.244,"1,320.70"
2023-06-05,3.5,3.502,3.561,4.307,"1,308.80"
2023-06-07,3.5,3.471,3.522,4.273,"1,308.30"
2023-06-08,3.5,3.543,3.632,4.344,"1,300.50"
2023-06-09,3.5,3.506,3.613,4.309,"1,306.10"
2023-06-12,3.5,3.493,3.576,4.302,"1,294.90"
2023-06-13,3.5,3.484,3.578,4.297,"1,291.10"
2023-06-14,3.5,3.545,3.635,4.356,"1,277.50"
2023-06-15,3.5,3.626,3.685,4.437,"1,275.90"
2023-06-16,3.5,3.585,3.657,4.395,"1,280.10"
2023-06-19,3.5,3.583,3.633,4.39,"1,273.50"
2023-06-20,3.5,3.567,3.642,4.38,"1,280.70"
2023-06-21,3.5,3.571,3.621,4.378,"1,282.20"
2023-06-22,3.5,3.592,3.647,4.4,"1,291.50"
2023-06-23,3.5,3.609,3.663,4.419,"1,291.40"
2023-06-26,3.5,3.568,3.611,4.375,"1,302.20"
2023-06-27,3.5,3.538,3.603,4.348,"1,303.80"
2023-06-28,3.5,3.557,3.611,4.365,"1,303.10"
2023-06-29,3.5,3.584,3.626,4.391,"1,304.30"
2023-06-30,3.5,3.662,3.675,4.473,"1,312.80"
2023-07-03,3.5,3.613,3.607,4.421,"1,319.40"
2023-07-04,3.5,3.619,3.623,4.429,"1,310.00"
2023-07-05,3.5,3.618,3.644,4.425,"1,301.70"
2023-07-06,3.5,3.676,3.713,4.475,"1,300.80"
2023-07-07,3.5,3.735,3.761,4.534,"1,303.80"
2023-07-10,3.5,3.795,3.863,4.594,"1,307.30"
2023-07-11,3.5,3.703,3.758,4.502,"1,303.80"
2023-07-12,3.5,3.704,3.756,4.512,"1,295.00"
2023-07-13,3.5,3.602,3.657,4.408,"1,291.40"
2023-07-14,3.5,3.614,3.685,4.42,"1,276.20"
2023-07-17,3.5,3.611,3.66,4.414,"1,265.80"
2023-07-18,3.5,3.596,3.651,4.398,"1,266.10"
2023-07-19,3.5,3.543,3.575,4.341,"1,261.60"
2023-07-20,3.5,3.581,3.606,4.379,"1,265.40"
2023-07-21,3.5,3.602,3.636,4.399,"1,265.80"
2023-07-24,3.5,3.617,3.64,4.41,"1,281.70"
2023-07-25,3.5,3.645,3.684,4.435,"1,283.80"
2023-07-26,3.5,3.627,3.658,4.413,"1,280.70"
2023-07-27,3.5,3.587,3.637,4.374,"1,278.70"
2023-07-28,3.5,3.635,3.728,4.423,"1,273.40"
2023-07-31,3.5,3.681,3.761,4.467,"1,280.00"
2023-08-01,3.5,3.647,3.727,4.435,"1,273.80"
2023-08-02,3.5,3.677,3.793,4.466,"1,280.70"
2023-08-03,3.5,3.714,3.861,4.496,"1,293.00"
2023-08-04,3.5,3.738,3.876,4.519,"1,298.80"
2023-08-07,3.5,3.689,3.814,4.468,"1,303.90"
2023-08-08,3.5,3.647,3.74,4.424,"1,304.10"
2023-08-09,3.5,3.672,3.774,4.448,"1,312.60"
2023-08-10,3.5,3.687,3.786,4.464,"1,318.30"
2023-08-11,3.5,3.698,3.824,4.475,"1,317.30"
2023-08-14,3.5,3.747,3.889,4.52,"1,321.10"
2023-08-16,3.5,3.712,3.867,4.488,"1,331.30"
2023-08-17,3.5,3.788,3.976,4.561,"1,338.30"
2023-08-18,3.5,3.729,3.914,4.501,"1,341.60"
2023-08-21,3.5,3.795,3.973,4.563,"1,336.90"
2023-08-22,3.5,3.802,3.986,4.569,"1,341.50"
2023-08-23,3.5,3.771,3.92,4.536,"1,338.70"
2023-08-24,3.5,3.759,3.878,4.524,"1,338.00"
2023-08-25,3.5,3.789,3.935,4.554,"1,324.00"
2023-08-28,3.5,3.759,3.872,4.524,"1,326.60"
2023-08-29,3.5,3.74,3.844,4.503,"1,322.50"
2023-08-30,3.5,3.732,3.85,4.496,"1,322.00"
2023-08-31,3.5,3.711,3.821,4.473,"1,321.40"
2023-09-01,3.5,3.689,3.778,4.447,"1,322.30"
2023-09-04,3.5,3.738,3.856,4.498,"1,319.20"
2023-09-05,3.5,3.765,3.886,4.527,"1,319.30"
2023-09-06,3.5,3.765,3.893,4.521,"1,324.30"
2023-09-07,3.5,3.847,3.969,4.599,"1,332.60"
2023-09-08,3.5,3.795,3.895,4.552,"1,334.70"
2023-09-11,3.5,3.865,3.961,4.622,"1,333.40"
2023-09-12,3.5,3.863,3.965,4.621,"1,332.40"
2023-09-13,3.5,3.853,3.949,4.617,"1,326.10"
2023-09-14,3.5,3.836,3.917,4.596,"1,327.80"
2023-09-15,3.5,3.85,3.928,4.608,"1,326.10"
2023-09-18,3.5,3.891,3.982,4.648,"1,327.60"
2023-09-19,3.5,3.887,3.952,4.641,"1,326.00"
2023-09-20,3.5,3.89,3.963,4.645,"1,323.70"
2023-09-21,3.5,3.93,4.031,4.689,"1,329.30"
2023-09-22,3.5,3.876,4.001,4.65,"1,339.10"
2023-09-25,3.5,3.876,4.012,4.64,"1,337.60"
2023-09-26,3.5,3.891,4.054,4.654,"1,333.70"
2023-09-27,3.5,3.884,4.03,4.658,"1,344.80"
2023-10-04,3.5,4.108,4.351,4.871,"1,351.30"
2023-10-05,3.5,4.081,4.322,4.855,"1,360.60"
2023-10-06,3.5,4.015,4.24,4.796,"1,349.40"
2023-10-10,3.5,3.997,4.219,4.777,"1,348.30"
2023-10-11,3.5,3.953,4.142,4.735,"1,348.30"
2023-10-12,3.5,3.932,4.101,4.719,"1,339.60"
2023-10-13,3.5,3.957,4.169,4.748,"1,339.90"
2023-10-16,3.5,3.973,4.191,4.769,"1,349.40"
2023-10-17,3.5,3.991,4.224,4.787,"1,353.80"
2023-10-18,3.5,4.031,4.287,4.83,"1,351.90"
2023-10-19,3.5,4.07,4.362,4.872,"1,351.70"
2023-10-20,3.5,4.033,4.327,4.838,"1,357.60"
2023-10-23,3.5,4.055,4.374,4.861,"1,355.10"
2023-10-24,3.5,4.004,4.269,4.81,"1,353.20"
2023-10-25,3.5,4.038,4.281,4.844,"1,343.90"
2023-10-26,3.5,4.104,4.392,4.906,"1,347.00"
2023-10-27,3.5,4.073,4.28,4.884,"1,357.10"
2023-10-30,3.5,4.089,4.312,4.905,"1,352.30"
2023-10-31,3.5,4.085,4.325,4.908,"1,352.80"
2023-11-01,3.5,4.071,4.288,4.9,"1,349.60"
2023-11-02,3.5,3.979,4.168,4.811,"1,356.90"
2023-11-03,3.5,3.949,4.105,4.789,"1,343.20"
2023-11-06,3.5,3.877,4.056,4.721,"1,325.80"
2023-11-07,3.5,3.887,4.055,4.731,"1,303.20"
2023-11-08,3.5,3.868,4.022,4.715,"1,306.10"
2023-11-09,3.5,3.847,3.945,4.695,"1,305.50"
2023-11-10,3.5,3.862,3.969,4.711,"1,309.00"
2023-11-13,3.5,3.877,4.005,4.727,"1,316.70"
2023-11-14,3.5,3.857,3.98,4.704,"1,322.70"
2023-11-15,3.5,3.744,3.815,4.591,"1,325.30"
2023-11-16,3.5,3.701,3.799,4.541,"1,302.00"
2023-11-17,3.5,3.681,3.796,4.504,"1,303.90"
2023-11-20,3.5,3.667,3.755,4.469,"1,294.40"
2023-11-21,3.5,3.644,3.726,4.436,"1,292.40"
2023-11-22,3.5,3.666,3.762,4.45,"1,287.70"
2023-11-23,3.5,3.644,3.712,4.418,"1,295.70"
2023-11-24,3.5,3.677,3.779,4.443,"1,298.70"
2023-11-27,3.5,3.689,3.767,4.448,"1,302.10"
2023-11-28,3.5,3.648,3.726,4.397,"1,304.70"
2023-11-29,3.5,3.554,3.641,4.297,"1,294.00"
2023-11-30,3.5,3.583,3.699,4.319,"1,289.00"
2023-12-01,3.5,3.587,3.699,4.309,"1,290.40"
2023-12-04,3.5,3.531,3.626,4.252,"1,303.20"
2023-12-05,3.5,3.484,3.579,4.197,"1,301.80"
2023-12-06,3.5,3.463,3.533,4.17,"1,311.70"
2023-12-07,3.5,3.511,3.576,4.211,"1,312.40"
2023-12-08,3.5,3.461,3.534,4.167,"1,322.70"
2023-12-11,3.5,3.48,3.566,4.196,"1,307.90"
2023-12-12,3.5,3.446,3.527,4.171,"1,318.30"
2023-12-13,3.5,3.465,3.525,4.186,"1,315.70"
2023-12-14,3.5,3.258,3.332,3.98,"1,316.50"
2023-12-15,3.5,3.281,3.358,4.01,"1,295.60"
2023-12-18,3.5,3.277,3.336,4.005,"1,294.70"
2023-12-19,3.5,3.296,3.328,4.022,"1,298.70"
2023-12-20,3.5,3.232,3.28,3.975,"1,304.70"
2023-12-21,3.5,3.236,3.297,3.975,"1,300.20"
2023-12-22,3.5,3.234,3.301,3.972,"1,303.80"
2023-12-26,3.5,3.221,3.271,3.962,"1,300.70"
2023-12-27,3.5,3.22,3.26,3.958,"1,296.80"
2023-12-28,3.5,3.154,3.183,3.898,"1,294.40"
2023-12-29,3.5,3.154,3.183,3.898,"1,289.40"
2024-01-02,3.5,3.24,3.306,3.98,"1,289.40"
2024-01-03,3.5,3.278,3.338,4.017,"1,299.30"
2024-01-04,3.5,3.227,3.288,3.977,"1,308.80"
2024-01-05,3.5,3.283,3.344,4.032,"1,310.20"
2024-01-08,3.5,3.297,3.344,4.045,"1,313.70"
2024-01-09,3.5,3.255,3.323,4.004,"1,314.80"
2024-01-10,3.5,3.269,3.346,4.017,"1,312.10"
2024-01-11,3.5,3.227,3.307,3.976,"1,320.10"
2024-01-12,3.5,3.204,3.306,3.953,"1,316.00"
2024-01-15,3.5,3.191,3.293,3.939,"1,314.10"
2024-01-16,3.5,3.235,3.322,3.982,"1,319.30"
2024-01-17,3.5,3.277,3.369,4.025,"1,329.00"
2024-01-18,3.5,3.285,3.38,4.034,"1,343.20"
2024-01-19,3.5,3.307,3.422,4.058,"1,342.40"
2024-01-22,3.5,3.278,3.372,4.03,"1,336.50"
2024-01-23,3.5,3.286,3.372,4.041,"1,334.70"
2024-01-24,3.5,3.3,3.4,4.051,"1,336.00"
2024-01-25,3.5,3.313,3.419,4.061,"1,339.10"
2024-01-26,3.5,3.263,3.386,4.01,"1,335.70"
2024-01-29,3.5,3.304,3.436,4.051,"1,336.60"
2024-01-30,3.5,3.268,3.35,4.009,"1,336.90"
2024-01-31,3.5,3.261,3.345,4.002,"1,330.60"
2024-02-01,3.5,3.267,3.339,4.001,"1,333.50"
2024-02-02,3.5,3.248,3.287,3.982,"1,332.50"
2024-02-05,3.5,3.312,3.374,4.047,"1,325.10"
2024-02-06,3.5,3.292,3.382,4.028,"1,334.60"
2024-02-07,3.5,3.286,3.378,4.019,"1,329.60"
2024-02-08,3.5,3.305,3.4,4.034,"1,325.30"
2024-02-13,3.5,3.353,3.453,4.074,"1,327.20"
2024-02-14,3.5,3.425,3.502,4.141,"1,328.40"
2024-02-15,3.5,3.405,3.477,4.117,"1,336.90"
2024-02-16,3.5,3.405,3.482,4.115,"1,333.20"
2024-02-19,3.5,3.397,3.467,4.102,"1,333.00"
2024-02-20,3.5,3.405,3.489,4.105,"1,333.80"
2024-02-21,3.5,3.402,3.474,4.09,"1,337.90"
2024-02-22,3.5,3.342,3.424,4.023,"1,335.00"
2024-02-23,3.5,3.374,3.468,4.045,"1,331.00"
2024-02-26,3.5,3.34,3.402,4.005,"1,329.30"
2024-02-27,3.5,3.364,3.43,4.025,"1,331.40"
2024-02-28,3.5,3.359,3.442,4.015,"1,331.30"
2024-02-29,3.5,3.385,3.475,4.037,"1,334.00"
2024-03-04,3.5,3.36,3.434,4.008,"1,334.10"
2024-03-05,3.5,3.349,3.409,3.992,"1,330.10"
2024-03-06,3.5,3.325,3.381,3.962,"1,333.20"
2024-03-07,3.5,3.321,3.399,3.959,"1,335.70"
2024-03-08,3.5,3.271,3.334,3.91,"1,329.60"
2024-03-11,3.5,3.275,3.342,3.914,"1,323.10"
2024-03-12,3.5,3.273,3.335,3.917,"1,314.40"
2024-03-13,3.5,3.251,3.331,3.899,"1,311.10"
2024-03-14,3.5,3.273,3.354,3.922,"1,312.80"
2024-03-15,3.5,3.308,3.41,3.953,"1,316.90"
2024-03-18,3.5,3.348,3.435,3.993,"1,328.40"
2024-03-19,3.5,3.383,3.472,4.022,"1,333.00"
2024-03-20,3.5,3.371,3.451,4.006,"1,338.50"
2024-03-21,3.5,3.306,3.411,3.942,"1,338.70"
2024-03-22,3.5,3.284,3.362,3.918,"1,326.30"
2024-03-25,3.5,3.29,3.37,3.915,"1,336.10"
2024-03-26,3.5,3.301,3.397,3.923,"1,340.70"
2024-03-27,3.5,3.288,3.373,3.903,"1,338.60"
2024-03-28,3.5,3.293,3.377,3.903,"1,345.80"
2024-03-29,3.5,3.322,3.413,3.926,"1,346.80"
2024-04-01,3.5,3.291,3.381,3.896,"1,347.40"
2024-04-02,3.5,3.333,3.425,3.926,"1,347.10"
2024-04-03,3.5,3.341,3.452,3.927,"1,353.00"
2024-04-04,3.5,3.338,3.457,3.919,"1,349.10"
2024-04-05,3.5,3.329,3.433,3.902,"1,346.80"
2024-04-08,3.5,3.383,3.488,3.945,"1,351.80"
2024-04-09,3.5,3.391,3.503,3.953,"1,353.60"
2024-04-11,3.5,3.466,3.585,4.016,"1,354.40"
2024-04-12,3.5,3.403,3.538,3.961,"1,363.70"
2024-04-15,3.5,3.44,3.561,3.983,"1,371.60"
2024-04-16,3.5,3.469,3.618,4.01,"1,383.70"
2024-04-17,3.5,3.475,3.632,4.007,"1,395.30"
2024-04-18,3.5,3.427,3.562,3.96,"1,386.30"
2024-04-19,3.5,3.468,3.583,3.982,"1,375.90"
2024-04-22,3.5,3.512,3.65,4.019,"1,385.00"
2024-04-23,3.5,3.489,3.625,3.992,"1,380.60"
2024-04-24,3.5,3.509,3.645,4.004,"1,377.90"
2024-04-25,3.5,3.543,3.707,4.029,"1,370.00"
2024-04-26,3.5,3.531,3.694,4.012,"1,376.60"
2024-04-29,3.5,3.552,3.704,4.024,"1,375.90"
2024-04-30,3.5,3.529,3.656,3.995,"1,378.70"
2024-05-02,3.5,3.509,3.638,3.972,"1,378.00"
2024-05-03,3.5,3.5,3.614,3.958,"1,378.50"
2024-05-07,3.5,3.448,3.536,3.912,"1,365.20"
2024-05-08,3.5,3.439,3.53,3.901,"1,357.80"
2024-05-09,3.5,3.453,3.556,3.913,"1,364.40"
2024-05-10,3.5,3.44,3.538,3.894,"1,367.90"
2024-05-13,3.5,3.452,3.554,3.904,"1,367.90"
2024-05-14,3.5,3.454,3.546,3.9,"1,370.10"
2024-05-16,3.5,3.375,3.458,3.82,"1,369.00"
2024-05-17,3.5,3.379,3.454,3.825,"1,349.40"
2024-05-20,3.5,3.412,3.497,3.853,"1,355.20"
2024-05-21,3.5,3.411,3.491,3.853,"1,356.20"
2024-05-22,3.5,3.409,3.478,3.848,"1,364.40"
2024-05-23,3.5,3.402,3.472,3.84,"1,363.10"
2024-05-24,3.5,3.423,3.515,3.861,"1,364.50"
2024-05-27,3.5,3.413,3.498,3.851,"1,370.00"
2024-05-28,3.5,3.394,3.481,3.828,"1,365.40"
2024-05-29,3.5,3.425,3.536,3.855,"1,359.50"
2024-05-30,3.5,3.44,3.564,3.867,"1,364.80"
2024-05-31,3.5,3.452,3.578,3.871,"1,376.50"
2024-06-03,3.5,3.434,3.532,3.853,"1,381.60"
2024-06-04,3.5,3.39,3.47,3.81,"1,377.60"
2024-06-05,3.5,3.345,3.43,3.771,"1,373.10"
2024-06-07,3.5,3.308,3.385,3.736,"1,371.50"
2024-06-10,3.5,3.353,3.433,3.782,"1,366.90"
2024-06-11,3.5,3.341,3.425,3.775,"1,377.90"
2024-06-12,3.5,3.307,3.382,3.745,"1,377.40"
2024-06-13,3.5,3.277,3.345,3.718,"1,377.80"
2024-06-14,3.5,3.252,3.302,3.694,"1,371.00"
2024-06-17,3.5,3.212,3.283,3.662,"1,377.70"
2024-06-18,3.5,3.214,3.279,3.666,"1,380.40"
2024-06-19,3.5,3.162,3.231,3.62,"1,380.50"
2024-06-20,3.5,3.196,3.269,3.648,"1,380.80"
2024-06-21,3.5,3.176,3.255,3.637,"1,383.80"
2024-06-24,3.5,3.194,3.264,3.656,"1,389.10"
2024-06-25,3.5,3.201,3.271,3.662,"1,389.70"
2024-06-26,3.5,3.215,3.278,3.676,"1,386.40"
2024-06-27,3.5,3.22,3.3,3.684,"1,390.10"
2024-06-28,3.5,3.182,3.266,3.658,"1,389.20"
2024-07-01,3.5,3.21,3.312,3.681,"1,382.40"
2024-07-02,3.5,3.169,3.289,3.634,"1,380.80"
2024-07-03,3.5,3.16,3.274,3.624,"1,387.40"
2024-07-04,3.5,3.128,3.234,3.591,"1,389.40"
2024-07-05,3.5,3.115,3.227,3.582,"1,381.90"
2024-07-08,3.5,3.119,3.212,3.58,"1,379.00"
2024-07-09,3.5,3.114,3.191,3.572,"1,379.40"
2024-07-10,3.5,3.12,3.198,3.576,"1,383.40"
2024-07-11,3.5,3.163,3.234,3.614,"1,385.60"
2024-07-12,3.5,3.101,3.177,3.552,"1,380.10"
2024-07-15,3.5,3.076,3.177,3.538,"1,376.30"
2024-07-16,3.5,3.035,3.137,3.496,"1,381.90"
2024-07-17,3.5,3.05,3.139,3.509,"1,386.00"
2024-07-18,3.5,3.058,3.138,3.513,"1,381.50"
2024-07-19,3.5,3.074,3.156,3.525,"1,379.90"
2024-07-22,3.5,3.071,3.145,3.522,"1,386.60"
2024-07-23,3.5,3.084,3.171,3.533,"1,388.60"
2024-07-24,3.5,3.046,3.131,3.509,"1,385.10"
2024-07-25,3.5,3.024,3.128,3.484,"1,385.10"
2024-07-26,3.5,3.024,3.108,3.482,"1,385.40"
2024-07-29,3.5,2.978,3.046,3.434,"1,385.40"
2024-07-30,3.5,2.994,3.052,3.451,"1,382.00"
2024-07-31,3.5,3.004,3.064,3.459,"1,384.60"
2024-08-01,3.5,2.976,3.01,3.431,"1,380.10"
2024-08-02,3.5,2.939,2.976,3.394,"1,365.90"
2024-08-05,3.5,2.806,2.878,3.271,"1,372.80"
2024-08-06,3.5,2.935,2.993,3.398,"1,360.60"
2024-08-07,3.5,2.929,3.001,3.397,"1,372.20"
2024-08-08,3.5,2.911,2.997,3.38,"1,376.40"
2024-08-09,3.5,2.941,3.012,3.409,"1,377.70"
2024-08-12,3.5,2.946,3,3.421,"1,369.40"
2024-08-13,3.5,2.918,2.974,3.395,"1,367.70"
2024-08-14,3.5,2.888,2.945,3.37,"1,370.30"
2024-08-16,3.5,2.928,2.973,3.415,"1,361.40"
2024-08-19,3.5,2.927,2.985,3.424,"1,360.10"
2024-08-20,3.5,2.944,2.999,3.442,"1,337.80"
2024-08-21,3.5,2.94,2.997,3.439,"1,332.00"
2024-08-22,3.5,2.907,2.98,3.422,"1,332.40"
2024-08-23,3.5,2.92,3.005,3.439,"1,335.90"
2024-08-26,3.5,2.89,2.974,3.414,"1,340.10"
2024-08-27,3.5,2.94,3.073,3.465,"1,323.90"
2024-08-28,3.5,2.919,3.054,3.456,"1,330.40"
2024-08-29,3.5,2.939,3.075,3.484,"1,334.70"
2024-08-30,3.5,2.953,3.088,3.503,"1,335.30"
2024-09-02,3.5,2.989,3.121,3.542,"1,334.80"
2024-09-03,3.5,2.981,3.12,3.545,"1,338.80"
2024-09-04,3.5,2.931,3.052,3.497,"1,341.00"
2024-09-05,3.5,2.905,3.03,3.48,"1,342.00"
2024-09-06,3.5,2.881,2.99,3.46,"1,335.80"
2024-09-09,3.5,2.897,3.032,3.471,"1,330.40"
2024-09-10,3.5,2.877,3.01,3.451,"1,339.50"
2024-09-11,3.5,2.82,2.943,3.406,"1,344.30"
2024-09-12,3.5,2.866,2.97,3.449,"1,340.30"
2024-09-13,3.5,2.822,2.928,3.41,"1,339.60"
2024-09-19,3.5,2.843,2.979,3.432,"1,331.00"
2024-09-20,3.5,2.838,2.989,3.426,"1,331.80"
2024-09-23,3.5,2.864,3.022,3.449,"1,329.90"
2024-09-24,3.5,2.854,3.026,3.439,"1,335.50"
2024-09-25,3.5,2.812,2.997,3.401,"1,334.30"
2024-09-26,3.5,2.807,3.001,3.395,"1,328.40"
2024-09-27,3.5,2.826,3,3.409,"1,329.70"
2024-09-30,3.5,2.811,2.992,3.397,"1,319.60"
2024-10-02,3.5,2.78,2.932,3.37,"1,306.90"
2024-10-04,3.5,2.824,2.996,3.415,"1,320.10"
2024-10-07,3.5,2.96,3.101,3.546,"1,333.30"
2024-10-08,3.5,2.932,3.077,3.517,"1,346.50"
2024-10-10,3.5,2.962,3.088,3.542,"1,347.80"
2024-10-11,3.25,2.947,3.085,3.523,"1,349.40"
2024-10-14,3.25,2.938,3.087,3.509,"1,348.60"
2024-10-15,3.25,2.906,3.05,3.475,"1,354.90"
2024-10-16,3.25,2.88,3.008,3.452,"1,360.40"
2024-10-17,3.25,2.897,3.028,3.467,"1,363.70"
2024-10-18,3.25,2.908,3.072,3.48,"1,366.50"
2024-10-21,3.25,2.902,3.054,3.471,"1,371.10"
2024-10-22,3.25,2.943,3.13,3.512,"1,370.40"
2024-10-23,3.25,2.936,3.128,3.508,"1,380.10"
2024-10-24,3.25,2.891,3.074,3.46,"1,382.00"
2024-10-25,3.25,2.882,3.054,3.451,"1,380.50"
2024-10-28,3.25,2.932,3.117,3.503,"1,384.40"
2024-10-29,3.25,2.936,3.118,3.504,"1,387.00"
2024-10-30,3.25,2.937,3.105,3.502,"1,383.10"
2024-10-31,3.25,2.936,3.1,3.503,"1,383.30"
2024-11-01,3.25,2.939,3.09,3.507,"1,379.30"
2024-11-04,3.25,2.935,3.096,3.507,"1,377.90"
2024-11-05,3.25,2.918,3.073,3.491,"1,371.30"
2024-11-06,3.25,2.96,3.134,3.529,"1,377.80"
2024-11-07,3.25,2.922,3.098,3.492,"1,391.50"
2024-11-08,3.25,2.889,3.049,3.461,"1,399.10"
2024-11-11,3.25,2.901,3.038,3.471,"1,385.40"
2024-11-12,3.25,2.9,3.014,3.467,"1,395.30"
2024-11-13,3.25,2.939,3.067,3.501,"1,401.10"
2024-11-14,3.25,2.929,3.074,3.492,"1,407.30"
2024-11-15,3.25,2.941,3.084,3.506,"1,406.40"
2024-11-18,3.25,2.915,3.063,3.482,"1,402.80"
2024-11-19,3.25,2.889,3.036,3.457,"1,392.60"
2024-11-20,3.25,2.873,3.017,3.438,"1,392.00"
2024-11-21,3.25,2.829,2.978,3.396,"1,391.60"
2024-11-22,3.25,2.816,2.976,3.385,"1,398.10"
2024-11-25,3.25,2.773,2.92,3.342,"1,400.50"
2024-11-26,3.25,2.773,2.903,3.343,"1,398.20"
2024-11-27,3.25,2.741,2.88,3.316,"1,401.20"
2024-11-28,3,2.638,2.788,3.22,"1,396.80"
2024-11-29,3,2.607,2.751,3.194,"1,394.70"
2024-12-02,3,2.567,2.697,3.156,"1,395.10"
2024-12-03,3,2.585,2.713,3.169,"1,402.00"
2024-12-04,3,2.626,2.765,3.21,"1,403.40"
2024-12-05,3,2.603,2.738,3.194,"1,413.00"
2024-12-06,3,2.62,2.744,3.212,"1,414.90"
2024-12-09,3,2.579,2.677,3.173,"1,419.40"
2024-12-10,3,2.524,2.645,3.175,"1,433.20"
2024-12-11,3,2.536,2.692,3.188,"1,428.10"
2024-12-12,3,2.549,2.7,3.2,"1,431.40"
2024-12-13,3,2.541,2.676,3.197,"1,431.50"
2024-12-16,3,2.553,2.721,3.212,"1,432.70"
2024-12-17,3,2.621,2.79,3.279,"1,434.90"
2024-12-18,3,2.536,2.738,3.203,"1,436.60"
2024-12-19,3,2.603,2.814,3.275,"1,436.80"
2024-12-20,3,2.629,2.873,3.3,"1,449.70"
2024-12-23,3,2.616,2.844,3.292,"1,450.30"
2024-12-24,3,2.626,2.876,3.308,"1,449.30"
2024-12-26,3,2.648,2.904,3.33,"1,453.60"
2024-12-27,3,2.634,2.876,3.321,"1,462.90"
2024-12-30,3,2.597,2.855,3.285,"1,474.10"
2024-12-31,3,2.596,2.855,3.284,"1,470.00"
2025-01-02,3,2.507,2.749,3.197,"1,470.00"
2025-01-03,3,2.482,2.754,3.17,"1,468.30"
2025-01-06,3,2.524,2.817,3.202,"1,466.80"
2025-01-07,3,2.508,2.794,3.187,"1,470.80"
2025-01-08,3,2.505,2.796,3.182,"1,455.40"
2025-01-09,3,2.5,2.778,3.174,"1,453.20"
2025-01-10,3,2.561,2.837,3.22,"1,458.20"
2025-01-13,3,2.664,2.871,3.306,"1,460.70"
2025-01-14,3,2.646,2.841,3.292,"1,471.30"
2025-01-15,3,2.675,2.86,3.315,"1,463.30"
2025-01-16,3,2.626,2.802,3.276,"1,460.20"
2025-01-17,3,2.588,2.813,3.241,"1,454.70"
2025-01-20,3,2.623,2.868,3.268,"1,455.80"
2025-01-21,3,2.579,2.818,3.227,"1,453.00"
2025-01-22,3,2.577,2.827,3.227,"1,437.90"
2025-01-23,3,2.578,2.837,3.218,"1,434.30"
2025-01-24,3,2.57,2.859,3.21,"1,437.10"
2025-01-31,3,2.573,2.859,3.204,"1,433.30"
2025-02-03,3,2.572,2.835,3.196,"1,453.00"
2025-02-04,3,2.584,2.844,3.208,"1,469.20"
2025-02-05,3,2.578,2.818,3.198,"1,460.80"
2025-02-06,3,2.582,2.796,3.196,"1,450.00"
2025-02-07,3,2.635,2.836,3.242,"1,447.10"
2025-02-10,3,2.638,2.83,3.239,"1,447.40"
2025-02-11,3,2.633,2.849,3.228,"1,453.40"
2025-02-12,3,2.651,2.879,3.238,"1,453.50"
2025-02-13,3,2.631,2.872,3.227,"1,452.60"
2025-02-14,3,2.611,2.846,3.208,"1,450.50"
2025-02-17,3,2.623,2.869,3.215,"1,443.30"
2025-02-18,3,2.641,2.878,3.224,"1,441.10"
2025-02-19,3,2.63,2.873,3.214,"1,443.90"
2025-02-20,3,2.628,2.888,3.212,"1,440.60"
2025-02-21,3,2.618,2.856,3.2,"1,439.40"
2025-02-24,3,2.61,2.825,3.191,"1,434.10"
2025-02-25,2.75,2.596,2.797,3.178,"1,429.20"
2025-02-26,2.75,2.591,2.752,3.168,"1,430.70"
2025-02-27,2.75,2.592,2.754,3.172,"1,431.80"
2025-02-28,2.75,2.566,2.706,3.157,"1,439.60"
2025-03-04,2.75,2.541,2.703,3.132,"1,458.70"
2025-03-05,2.75,2.565,2.773,3.151,"1,459.60"
2025-03-06,2.75,2.594,2.806,3.174,"1,456.00"
2025-03-07,2.75,2.565,2.773,3.144,"1,441.60"
2025-03-10,2.75,2.596,2.801,3.166,"1,446.30"
2025-03-11,2.75,2.56,2.76,3.131,"1,451.50"
2025-03-12,2.75,2.55,2.763,3.127,"1,457.90"
2025-03-13,2.75,2.57,2.77,3.138,"1,452.00"
2025-03-14,2.75,2.596,2.813,3.161,"1,451.90"
2025-03-17,2.75,2.601,2.805,3.171,"1,454.80"
2025-03-18,2.75,2.598,2.788,3.168,"1,448.00"
2025-03-19,2.75,2.621,2.811,3.184,"1,447.10"
2025-03-20,2.75,2.598,2.792,3.168,"1,452.30"
2025-03-21,2.75,2.597,2.805,3.165,"1,459.20"
2025-03-24,2.75,2.604,2.816,3.171,"1,466.90"
2025-03-25,2.75,2.612,2.821,3.179,"1,466.90"
2025-03-26,2.75,2.618,2.839,3.187,"1,469.60"
2025-03-27,2.75,2.622,2.838,3.182,"1,465.30"
2025-03-28,2.75,2.629,2.842,3.184,"1,466.80"
2025-03-31,2.75,2.569,2.771,3.14,"1,466.50"
2025-04-01,2.75,2.581,2.787,3.153,"1,470.60"
2025-04-02,2.75,2.584,2.767,3.151,"1,471.70"
2025-04-03,2.75,2.529,2.738,3.101,"1,467.80"
2025-04-04,2.75,2.461,2.692,3.035,"1,467.00"
2025-04-07,2.75,2.405,2.648,2.986,"1,439.30"
2025-04-08,2.75,2.413,2.686,2.995,"1,465.90"
2025-04-09,2.75,2.434,2.732,3.01,"1,470.20"
2025-04-10,2.75,2.437,2.702,3.017,"1,482.90"
2025-04-11,2.75,2.411,2.696,2.996,"1,458.50"
2025-04-14,2.75,2.408,2.691,2.998,"1,450.80"
2025-04-15,2.75,2.399,2.664,2.984,"1,427.40"
2025-04-16,2.75,2.351,2.629,2.941,"1,423.30"
2025-04-17,2.75,2.385,2.645,2.968,"1,427.40"
2025-04-18,2.75,2.362,2.62,2.942,"1,419.90"
2025-04-21,2.75,2.331,2.602,2.918,"1,421.50"
2025-04-22,2.75,2.33,2.621,2.923,"1,418.90"
2025-04-23,2.75,2.337,2.598,2.927,"1,422.60"
2025-04-24,2.75,2.341,2.623,2.93,"1,426.60"
2025-04-25,2.75,2.305,2.576,2.901,"1,430.20"
2025-04-28,2.75,2.316,2.588,2.909,"1,434.60"
2025-04-29,2.75,2.31,2.603,2.903,"1,439.30"
2025-04-30,2.75,2.267,2.563,2.868,"1,438.50"
2025-05-02,2.75,2.282,2.593,2.872,"1,426.90"
2025-05-07,2.75,2.253,2.603,2.846,"1,426.60"
2025-05-08,2.75,2.281,2.622,2.867,"1,394.10"
2025-05-09,2.75,2.331,2.67,2.91,"1,396.00"
2025-05-12,2.75,2.33,2.685,2.91,"1,405.60"
2025-05-13,2.75,2.37,2.722,2.939,"1,400.40"
2025-05-14,2.75,2.351,2.718,2.924,"1,413.70"
2025-05-15,2.75,2.362,2.727,2.931,"1,415.80"
2025-05-16,2.75,2.319,2.676,2.896,"1,399.60"
2025-05-19,2.75,2.366,2.747,2.935,"1,394.30"
2025-05-20,2.75,2.33,2.713,2.907,"1,398.00"
2025-05-21,2.75,2.345,2.76,2.921,"1,392.60"
2025-05-22,2.75,2.336,2.755,2.917,"1,387.10"
2025-05-23,2.75,2.338,2.766,2.921,"1,378.40"
2025-05-26,2.75,2.348,2.766,2.926,"1,376.90"
2025-05-27,2.75,2.34,2.709,2.913,"1,365.00"
2025-05-28,2.75,2.314,2.706,2.893,"1,368.30"
2025-05-29,2.5,2.341,2.76,2.914,"1,374.60"
2025-05-30,2.5,2.347,2.786,2.917,"1,381.40"
2025-06-02,2.5,2.34,2.793,2.916,"1,375.70"
2025-06-04,2.5,2.414,2.894,2.982,"1,376.90"
2025-06-05,2.5,2.412,2.891,2.973,"1,373.80"
2025-06-09,2.5,2.405,2.867,2.96,"1,359.00"
2025-06-10,2.5,2.385,2.831,2.955,"1,358.90"
2025-06-11,2.5,2.419,2.837,2.974,"1,359.90"
2025-06-12,2.5,2.429,2.827,2.972,"1,368.80"
2025-06-13,2.5,2.462,2.819,2.997,"1,362.90"
2025-06-16,2.5,2.483,2.864,3.016,"1,366.80"
2025-06-17,2.5,2.448,2.868,2.986,"1,363.60"
2025-06-18,2.5,2.472,2.876,3,"1,361.70"
2025-06-19,2.5,2.475,2.874,3.005,"1,373.20"
2025-06-20,2.5,2.463,2.867,2.996,"1,379.60"
2025-06-23,2.5,2.498,2.873,3.019,"1,369.40"
2025-06-24,2.5,2.461,2.823,2.983,"1,381.90"
2025-06-25,2.5,2.46,2.82,2.981,"1,365.00"
2025-06-26,2.5,2.454,2.788,2.969,"1,360.90"
2025-06-27,2.5,2.453,2.785,2.967,"1,357.60"
2025-06-30,2.5,2.452,2.805,2.963,"1,356.40"
2025-07-01,2.5,2.454,2.784,2.959,"1,353.60"
2025-07-02,2.5,2.483,2.832,2.981,"1,352.60"
2025-07-03,2.5,2.449,2.814,2.952,"1,359.40"
2025-07-04,2.5,2.467,2.828,2.965,"1,358.10"
2025-07-07,2.5,2.482,2.84,2.973,"1,364.20"
2025-07-08,2.5,2.477,2.847,2.968,"1,366.60"
2025-07-09,2.5,2.478,2.854,2.967,"1,368.00"
2025-07-10,2.5,2.433,2.814,2.928,"1,373.80"
2025-07-11,2.5,2.448,2.823,2.938,"1,373.00"
2025-07-14,2.5,2.474,2.886,2.959,"1,374.70"
2025-07-15,2.5,2.463,2.877,2.953,"1,378.50"
2025-07-16,2.5,2.459,2.877,2.95,"1,382.70"
2025-07-17,2.5,2.479,2.905,2.968,"1,387.10"
2025-07-18,2.5,2.474,2.873,2.961,"1,390.80"
2025-07-21,2.5,2.456,2.855,2.948,"1,391.90"
2025-07-22,2.5,2.463,2.839,2.952,"1,391.10"
2025-07-23,2.5,2.458,2.83,2.95,"1,386.30"
2025-07-24,2.5,2.467,2.849,2.96,"1,379.10"
2025-07-25,2.5,2.485,2.855,2.974,"1,368.70"
2025-07-28,2.5,2.464,2.829,2.958,"1,376.00"
2025-07-29,2.5,2.46,2.823,2.952,"1,379.60"
2025-07-30,2.5,2.454,2.797,2.946,"1,391.40"
2025-07-31,2.5,2.46,2.785,2.952,"1,382.90"
2025-08-01,2.5,2.478,2.832,2.97,"1,390.40"
2025-08-04,2.5,2.421,2.778,2.917,"1,399.30"
2025-08-05,2.5,2.425,2.766,2.917,"1,384.90"
2025-08-06,2.5,2.43,2.779,2.918,"1,386.70"
2025-08-07,2.5,2.408,2.772,2.901,"1,389.50"
2025-08-08,2.5,2.409,2.776,2.902,"1,384.20"
2025-08-11,2.5,2.42,2.781,2.909,"1,386.00"
2025-08-12,2.5,2.431,2.801,2.917,"1,388.30"
2025-08-13,2.5,2.417,2.809,2.907,"1,390.20"
2025-08-14,2.5,2.404,2.787,2.896,"1,383.80"
2025-08-18,2.5,2.426,2.837,2.912,"1,382.20"
2025-08-19,2.5,2.444,2.858,2.924,"1,385.30"
2025-08-20,2.5,2.441,2.853,2.923,"1,389.40"
2025-08-21,2.5,2.438,2.845,2.921,"1,397.50"
2025-08-22,2.5,2.456,2.86,2.932,"1,398.10"
2025-08-25,2.5,2.434,2.852,2.915,"1,395.60"
2025-08-26,2.5,2.422,2.86,2.902,"1,386.30"
2025-08-27,2.5,2.402,2.825,2.887,"1,391.20"
2025-08-28,2.5,2.416,2.815,2.898,"1,395.70"
2025-08-29,2.5,2.426,2.815,2.906,"1,388.60"
2025-09-01,2.5,2.435,2.847,2.913,"1,387.70"
2025-09-02,2.5,2.45,2.87,2.924,"1,392.40"
2025-09-03,2.5,2.475,2.913,2.946,"1,392.20"
2025-09-04,2.5,2.472,2.883,2.943,"1,393.80"
2025-09-05,2.5,2.46,2.855,2.931,"1,392.70"
2025-09-08,2.5,2.448,2.848,2.918,"1,391.80"
2025-09-09,2.5,2.425,2.818,2.898,"1,390.40"
2025-09-10,2.5,2.43,2.833,2.902,"1,386.60"
2025-09-11,2.5,2.42,2.813,2.892,"1,387.60"
2025-09-12,2.5,2.431,2.813,2.901,"1,389.40"
2025-09-15,2.5,2.443,2.821,2.909,"1,388.70"
2025-09-16,2.5,2.417,2.804,2.885,"1,389.50"
2025-09-17,2.5,2.418,2.787,2.881,"1,382.30"
2025-09-18,2.5,2.403,2.756,2.868,"1,380.00"
2025-09-19,2.5,2.441,2.815,2.898,"1,384.60"
2025-09-22,2.5,2.459,2.833,2.912,"1,393.60"
2025-09-23,2.5,2.46,2.813,2.912,"1,394.00"
2025-09-24,2.5,2.489,2.848,2.935,"1,393.80"
2025-09-25,2.5,2.528,2.885,2.969,"1,394.90"
2025-09-26,2.5,2.562,2.943,3.001,"1,400.40"
2025-09-29,2.5,2.563,2.939,3.004,"1,411.60"
2025-09-30,2.5,2.582,2.951,3.022,"1,402.20"
2025-10-01,2.5,2.596,2.96,3.033,"1,403.20"
2025-10-02,2.5,2.581,2.959,3.019,"1,406.00"
2025-10-10,2.5,2.591,2.964,3.026,"1,401.90"
2025-10-13,2.5,2.554,2.904,2.995,"1,420.50"
2025-10-14,2.5,2.533,2.871,2.975,"1,427.70"
2025-10-15,2.5,2.52,2.856,2.966,"1,428.40"
2025-10-16,2.5,2.569,2.908,3.004,"1,424.40"
2025-10-17,2.5,2.555,2.885,2.99,"1,419.10"
2025-10-20,2.5,2.569,2.892,3.004,"1,419.50"
2025-10-21,2.5,2.6,2.904,3.024,"1,420.20"
2025-10-22,2.5,2.572,2.869,2.999,"1,423.70"
2025-10-23,2.5,2.605,2.912,3.027,"1,430.10"
2025-10-24,2.5,2.591,2.913,3.013,"1,436.60"
2025-10-27,2.5,2.62,2.959,3.036,"1,436.10"
2025-10-28,2.5,2.633,2.935,3.047,"1,432.50"
2025-10-29,2.5,2.677,2.984,3.085,"1,434.30"
2025-10-30,2.5,2.732,3.05,3.135,"1,433.00"
2025-10-31,2.5,2.716,3.061,3.122,"1,423.20"
2025-11-03,2.5,2.741,3.086,3.147,"1,427.40"
2025-11-04,2.5,2.729,3.082,3.136,"1,429.00"
2025-11-05,2.5,2.767,3.125,3.169,"1,437.70"
2025-11-06,2.5,2.834,3.203,3.232,"1,447.00"
2025-11-07,2.5,2.894,3.226,3.286,"1,445.60"
2025-11-10,2.5,2.865,3.23,3.261,"1,454.00"
2025-11-11,2.5,2.831,3.201,3.236,"1,453.70"
2025-11-12,2.5,2.923,3.282,3.331,"1,463.20"
2025-11-13,2.5,2.932,3.267,3.345,"1,466.40"
2025-11-14,2.5,2.944,3.317,3.365,"1,469.50"
2025-11-17,2.5,2.914,3.301,3.342,"1,458.50"
2025-11-18,2.5,2.872,3.268,3.309,"1,458.30"
2025-11-19,2.5,2.869,3.281,3.308,"1,465.20"
2025-11-20,2.5,2.908,3.325,3.34,"1,465.00"
2025-11-21,2.5,2.872,3.271,3.308,"1,468.40"
2025-11-24,2.5,2.904,3.289,3.338,"1,472.00"
2025-11-25,2.5,2.902,3.264,3.334,"1,473.50"
2025-11-26,2.5,2.895,3.251,3.328,"1,473.50"
2025-11-27,2.5,3.013,3.351,3.446,"1,462.70"
2025-11-28,2.5,2.991,3.344,3.428,"1,464.80"
2025-12-01,2.5,3.045,3.387,3.481,"1,465.90"
2025-12-02,2.5,3.022,3.346,3.463,"1,469.10"
2025-12-03,2.5,3.041,3.368,3.484,"1,469.60"
2025-12-04,2.5,3.025,3.376,3.474,"1,468.70"
2025-12-05,2.5,2.994,3.358,3.453,"1,471.50"
2025-12-08,2.5,3.034,3.401,3.492,"1,472.10"
2025-12-09,2.5,3.084,3.453,3.545,"1,469.00"
2025-12-10,2.5,3.095,3.371,3.574,"1,470.40"
2025-12-11,2.5,3.101,3.378,3.585,"1,470.40"
2025-12-12,2.5,3.093,3.409,3.582,"1,469.50"
2025-12-15,2.5,3,3.325,3.499,"1,472.50"
2025-12-16,2.5,2.999,3.313,3.507,"1,474.10"
2025-12-17,2.5,2.996,3.324,3.507,"1,472.40"
2025-12-18,2.5,2.967,3.312,3.484,"1,478.60"
2025-12-19,2.5,3.01,3.342,3.523,"1,477.20"
2025-12-22,2.5,2.999,3.359,3.513,"1,477.80"
2025-12-23,2.5,2.963,3.379,3.5,"1,478.90"
2025-12-24,2.5,2.939,3.345,3.475,"1,483.40"
2025-12-26,2.5,2.958,3.374,3.489,"1,460.60"
2025-12-29,2.5,2.939,3.354,3.47,"1,442.30"
2025-12-30,2.5,2.952,3.385,3.476,"1,433.90"
2025-12-31,2.5,2.953,3.385,3.476,"1,434.90"
2026-01-02,2.5,2.935,3.386,3.459,"1,434.90"
2026-01-05,2.5,2.933,3.396,3.457,"1,442.10"
2026-01-06,2.5,2.948,3.398,3.46,"1,446.80"
2026-01-07,2.5,2.91,3.354,3.423,"1,445.70"
2026-01-08,2.5,2.902,3.341,3.418,"1,448.30"
2026-01-09,2.5,2.942,3.386,3.445,"1,449.40"
2026-01-12,2.5,2.98,3.392,3.469,"1,455.70"
2026-01-13,2.5,3.003,3.412,3.486,"1,464.10"
2026-01-14,2.5,2.996,3.418,3.481,"1,472.80"
2026-01-15,2.5,3.09,3.493,3.565,"1,477.50"
2026-01-16,2.5,3.08,3.488,3.56,"1,469.70"
2026-01-19,2.5,3.13,3.565,3.599,"1,473.50"
2026-01-20,2.5,3.191,3.653,3.653,"1,473.60"
2026-01-21,2.5,3.138,3.602,3.624,"1,477.00"
2026-01-22,2.5,3.109,3.558,3.615,"1,472.80"
2026-01-23,2.5,3.137,3.59,3.644,"1,468.40"
2026-01-26,2.5,3.096,3.544,3.611,"1,467.20"
2026-01-27,2.5,3.094,3.53,3.607,"1,442.80"
2026-01-28,2.5,3.067,3.518,3.589,"1,448.80"
2026-01-29,2.5,3.106,3.557,3.626,"1,428.60"
2026-01-30,2.5,3.138,3.607,3.658,"1,427.00"
2026-02-02,2.5,3.152,3.603,3.668,"1,436.70"
2026-02-03,2.5,3.189,3.661,3.708,"1,457.30"
2026-02-04,2.5,3.212,3.712,3.731,"1,449.00"
2026-02-05,2.5,3.204,3.687,3.724,"1,451.20"
2026-02-06,2.5,3.233,3.71,3.755,"1,464.10"
2026-02-09,2.5,3.267,3.754,3.787,"1,470.30"
2026-02-10,2.5,3.224,3.681,3.759,"1,464.30"
2026-02-11,2.5,3.2,3.639,3.746,"1,457.70"
2026-02-12,2.5,3.154,3.618,3.716,"1,454.40"
2026-02-13,2.5,3.142,3.571,3.705,"1,443.40"
2026-02-19,2.5,3.178,3.588,3.735,"1,443.10"
2026-02-20,2.5,3.143,3.54,3.718,"1,450.70"
2026-02-23,2.5,3.154,3.578,3.725,"1,448.70"
2026-02-24,2.5,3.158,3.593,3.73,"1,442.00"
2026-02-25,2.5,3.124,3.556,3.705,"1,445.80"
2026-02-26,2.5,3.062,3.47,3.653,"1,435.30"
2026-02-27,2.5,3.041,3.446,3.637,"1,424.50"
2026-03-03,2.5,3.18,3.594,3.769,"1,435.40"
2026-03-04,2.5,3.223,3.632,3.8,"1,464.50"
2026-03-05,2.5,3.189,3.589,3.777,"1,478.80"
2026-03-06,2.5,3.227,3.616,3.815,"1,464.30"
2026-03-09,2.5,3.42,3.739,3.997,"1,474.50"
2026-03-10,2.5,3.283,3.629,3.874,"1,493.10"
2026-03-11,2.5,3.253,3.608,3.845,"1,472.80"
2026-03-12,2.5,3.271,3.649,3.866,"1,467.30"
2026-03-13,2.5,3.338,3.701,3.919,"1,479.80"
2026-03-16,2.5,3.3,3.68,3.887,"1,489.50"
2026-03-17,2.5,3.324,3.692,3.906,"1,496.00"
2026-03-18,2.5,3.261,3.606,3.855,"1,491.60"
2026-03-19,2.5,3.329,3.693,3.915,"1,486.00"
2026-03-20,2.5,3.41,3.736,3.991,"1,499.70"
2026-03-23,2.5,3.617,3.879,4.197,"1,494.90"
2026-03-24,2.5,3.523,3.835,4.121,"1,509.60"
2026-03-25,2.5,3.558,3.859,4.158,"1,498.30"
2026-03-26,2.5,3.552,3.865,4.156,"1,495.60"
2026-03-27,2.5,3.582,3.915,4.182,"1,506.20"
2026-03-30,2.5,3.542,3.891,4.157,"1,508.10"
2026-03-31,2.5,3.552,3.879,4.166,"1,513.40"
2026-04-01,2.5,3.37,3.689,4.011,"1,530.50"
2026-04-02,2.5,3.477,3.804,4.114,"1,507.80"
2026-04-03,2.5,3.448,3.747,4.093,"1,518.80"
2026-04-06,2.5,3.432,3.725,4.081,"1,507.60"
2026-04-07,2.5,3.451,3.754,4.107,"1,507.20"
2026-04-08,2.5,3.315,3.628,3.973,"1,506.80"
2026-04-09,2.5,3.338,3.66,3.999,"1,476.10"
2026-04-10,2.5,3.36,3.686,4.018,"1,481.10"
2026-04-13,2.5,3.382,3.715,4.043,"1,479.80"
2026-04-14,2.5,3.339,3.658,4.005,"1,489.80"
2026-04-15,2.5,3.328,3.655,3.995,"1,481.40"
2026-04-16,2.5,3.34,3.675,4.005,"1,473.10"
2026-04-17,2.5,3.371,3.717,4.037,"1,472.60"
2026-04-20,2.5,3.348,3.688,4.016,"1,480.00"
2026-04-21,2.5,3.33,3.655,3.994,"1,475.60"
2026-04-22,2.5,3.365,3.697,4.028,"1,470.80"
2026-04-23,2.5,3.458,3.791,4.107,"1,477.60"
2026-04-24,2.5,3.496,3.817,4.145,"1,480.60"
2026-04-27,2.5,3.492,3.82,4.147,"1,482.90"
2026-04-28,2.5,3.529,3.861,4.182,"1,473.10"
2026-04-29,2.5,3.525,3.843,4.185,"1,473.30"
2026-04-30,2.5,3.595,3.923,4.248,"1,476.10"
